City_ID,City,Country,Date,Lat,Lng,Max Temp,Humidity,Cloudiness,Wind Speed
0,Esperance,AU,2021-11-02 01:31:55,-33.8667,121.9,62.44,54,74,18.75
1,Murray Bridge,AU,2021-11-02 01:31:55,-35.1167,139.2667,90.43,17,92,19.75
2,Banepa,NP,2021-11-02 01:31:56,27.6298,85.5214,53.92,94,20,0.0
3,Saint George,US,2021-11-02 01:30:40,37.1041,-113.5841,70.39,36,1,1.99
4,Rikitea,PF,2021-11-02 01:29:50,-23.1203,-134.9692,72.61,67,100,12.17
5,Ushuaia,AR,2021-11-02 01:30:52,-54.8,-68.3,51.46,58,0,11.5
6,Chuy,UY,2021-11-02 01:31:56,-33.6971,-53.4616,65.26,93,95,10.58
7,Wiarton,CA,2021-11-02 01:31:57,44.7407,-81.1332,43.61,65,40,10.36
8,Atuona,PF,2021-11-02 01:31:38,-9.8,-139.0333,78.17,72,42,10.51
9,Upernavik,GL,2021-11-02 01:31:57,72.7868,-56.1549,23.67,95,100,10.74
10,Dubbo,AU,2021-11-02 01:31:57,-32.25,148.6167,77.13,41,61,8.05
11,Talnakh,RU,2021-11-02 01:31:58,69.4865,88.3972,-0.42,93,100,11.32
12,Aklavik,CA,2021-11-02 01:31:58,68.2191,-135.0107,31.03,91,100,4.34
13,Hilo,US,2021-11-02 01:31:58,19.7297,-155.09,82.13,67,75,8.05
14,Nikolskoye,RU,2021-11-02 01:31:59,59.7035,30.7861,39.87,83,6,6.38
15,Springdale,US,2021-11-02 01:27:05,36.1867,-94.1288,46.26,94,90,8.01
16,Ariquemes,BR,2021-11-02 01:27:15,-9.9133,-63.0408,74.19,96,100,3.69
17,Bethel,US,2021-11-02 01:31:59,41.3712,-73.414,50.31,73,1,3.44
18,Kisangani,CD,2021-11-02 01:31:59,0.5167,25.2,66.72,97,100,1.45
19,Ponta Do Sol,PT,2021-11-02 01:31:39,32.6667,-17.1,70.72,73,61,1.54
20,Dikson,RU,2021-11-02 01:32:00,73.5069,80.5464,4.82,94,7,8.5
21,Port Alfred,ZA,2021-11-02 01:30:12,-33.5906,26.891,60.44,73,36,26.49
22,Mayna,RU,2021-11-02 01:32:00,54.1135,47.6231,35.67,83,8,2.89
23,New Norfolk,AU,2021-11-02 01:31:29,-42.7826,147.0587,71.65,38,41,1.99
24,Ilulissat,GL,2021-11-02 01:32:01,69.2167,-51.1,32.02,86,75,4.61
25,Mar Del Plata,AR,2021-11-02 01:32:02,-38.0023,-57.5575,57.09,93,90,1.01
26,Leh,IN,2021-11-02 01:32:02,34.1667,77.5833,22.33,75,83,3.27
27,Praia,CV,2021-11-02 01:30:04,14.9215,-23.5087,79.34,73,0,12.66
28,Catuday,PH,2021-11-02 01:32:03,16.2923,119.8062,82.18,68,86,8.99
29,Vaini,TO,2021-11-02 01:29:39,-21.2,-175.2,80.76,89,40,9.22
30,Hamilton,US,2021-11-02 01:31:30,39.1834,-84.5333,49.44,64,90,1.01
31,Bluff,NZ,2021-11-02 01:29:46,-46.6,168.3333,52.81,54,79,17.02
32,Yellowknife,CA,2021-11-02 01:31:37,62.456,-114.3525,32.41,99,75,8.05
33,Cape Town,ZA,2021-11-02 01:31:36,-33.9258,18.4232,55.11,78,20,3.0
34,Imbituba,BR,2021-11-02 01:32:04,-28.24,-48.6703,72.82,96,57,5.77
35,Sao Filipe,CV,2021-11-02 01:32:04,14.8961,-24.4956,79.45,76,61,2.98
36,Yulara,AU,2021-11-02 01:32:04,-25.2406,130.9889,66.04,100,90,10.36
37,Tiksi,RU,2021-11-02 01:32:05,71.6872,128.8694,2.71,94,100,6.67
38,Thompson,CA,2021-11-02 01:32:05,55.7435,-97.8558,28.56,80,75,5.75
39,Kashary,RU,2021-11-02 01:32:05,49.04,41.0056,44.35,89,37,10.11
40,Khatanga,RU,2021-11-02 01:32:06,71.9667,102.5,0.48,98,100,2.91
41,Hofn,IS,2021-11-02 01:32:06,64.2539,-15.2082,37.65,59,52,29.12
42,Puerto Ayora,EC,2021-11-02 01:32:06,-0.7393,-90.3518,68.86,89,75,6.44
43,Mataura,NZ,2021-11-02 01:29:52,-46.1927,168.8643,52.48,42,94,10.27
44,Tuktoyaktuk,CA,2021-11-02 01:30:00,69.4541,-133.0374,24.8,86,75,4.61
45,Iberia,US,2021-11-02 01:33:07,29.9502,-91.7507,64.47,82,1,0.0
46,Tasiilaq,GL,2021-11-02 01:33:07,65.6145,-37.6368,26.76,72,100,5.37
47,Keetmanshoop,NA,2021-11-02 01:33:07,-26.5833,18.1333,50.88,73,0,6.96
48,Qaanaaq,GL,2021-11-02 01:33:08,77.484,-69.3632,7.07,69,3,7.83
49,Hobart,AU,2021-11-02 01:31:28,-42.8794,147.3294,72.01,45,20,4.0
50,San Juan,AR,2021-11-02 01:33:08,-31.5375,-68.5364,66.22,54,100,2.42
51,Hobyo,SO,2021-11-02 01:33:08,5.3505,48.5268,79.7,75,50,10.29
52,Orlik,RU,2021-11-02 01:33:09,52.5178,99.825,20.44,55,100,6.87
53,Lunel,FR,2021-11-02 01:33:09,43.6778,4.1361,53.01,82,0,6.91
54,Seymchan,RU,2021-11-02 01:33:09,62.8833,152.4333,-3.55,76,29,3.15
55,Ladario,BR,2021-11-02 01:33:10,-19.0047,-57.6017,78.55,67,29,2.44
56,Narsaq,GL,2021-11-02 01:33:10,60.9167,-46.05,32.22,75,100,6.73
57,Angoche,MZ,2021-11-02 01:33:10,-16.2325,39.9086,75.96,82,6,11.86
58,Arawa,PG,2021-11-02 01:33:10,-6.2132,155.5367,84.63,74,100,3.6
59,Udachnyy,RU,2021-11-02 01:33:11,66.4167,112.4,3.29,96,100,7.25
60,Port Lincoln,AU,2021-11-02 01:33:11,-34.7333,135.8667,79.25,41,100,15.08
61,Barkot,IN,2021-11-02 01:33:12,30.8167,78.2,50.52,66,0,4.41
62,Saint-Philippe,RE,2021-11-02 01:33:12,-21.3585,55.7679,71.15,81,41,11.81
63,Chokwe,MZ,2021-11-02 01:33:12,-24.5333,32.9833,74.61,60,0,9.44
64,Grindavik,IS,2021-11-02 01:33:12,63.8424,-22.4338,34.27,75,40,18.41
65,Benguela,AO,2021-11-02 01:33:13,-12.5763,13.4055,73.17,82,100,2.3
66,Dargaville,NZ,2021-11-02 01:33:13,-35.9333,173.8833,62.47,65,58,15.86
67,Ennis,IE,2021-11-02 01:33:13,52.8436,-8.9864,44.53,93,40,6.91
68,Busselton,AU,2021-11-02 01:30:12,-33.65,115.3333,60.04,56,43,16.82
69,Strezhevoy,RU,2021-11-02 01:33:15,60.7333,77.5889,-4.02,86,42,11.12
70,Cidreira,BR,2021-11-02 01:29:49,-30.1811,-50.2056,68.47,91,34,19.64
71,Altay,CN,2021-11-02 01:33:15,47.8667,88.1167,31.91,98,100,4.56
72,Souillac,MU,2021-11-02 01:33:16,-20.5167,57.5167,70.36,88,40,3.44
73,Port Macquarie,AU,2021-11-02 01:33:16,-31.4333,152.9167,73.89,59,100,11.1
74,Kodiak,US,2021-11-02 01:31:38,57.79,-152.4072,37.47,71,100,13.38
75,Tautira,PF,2021-11-02 01:33:16,-17.7333,-149.15,84.0,81,100,8.86
76,Trelew,AR,2021-11-02 01:33:17,-43.249,-65.3051,58.68,67,86,28.59
77,Madras,IN,2021-11-02 01:30:08,13.0878,80.2785,76.98,100,90,3.44
78,Estelle,US,2021-11-02 01:33:17,29.8458,-90.1067,68.0,75,20,0.0
79,Beloha,MG,2021-11-02 01:33:17,-25.1667,45.05,67.01,85,0,4.97
80,Sioux Lookout,CA,2021-11-02 01:33:18,50.1001,-91.917,28.78,80,40,11.5
81,Pevek,RU,2021-11-02 01:33:18,69.7008,170.3133,3.43,95,100,11.79
82,Onega,RU,2021-11-02 01:33:18,63.9061,38.1404,40.42,96,100,6.33
83,Mahebourg,MU,2021-11-02 01:33:18,-20.4081,57.7,70.25,88,40,3.44
84,Mehran,IR,2021-11-02 01:33:19,33.1222,46.1646,69.28,26,25,4.63
85,Maarianhamina,AX,2021-11-02 01:33:19,60.0973,19.9348,49.86,87,90,10.36
86,Chokurdakh,RU,2021-11-02 01:29:53,70.6333,147.9167,-6.52,98,58,9.31
87,Uinskoye,RU,2021-11-02 01:33:20,56.8817,56.5813,24.06,80,59,10.33
88,Avarua,CK,2021-11-02 01:31:29,-21.2078,-159.775,78.85,73,40,17.27
89,Camocim,BR,2021-11-02 01:33:20,-2.9022,-40.8411,79.32,78,58,13.73
90,Marzuq,YE,2021-11-02 01:34:21,14.4,46.4667,65.3,25,84,3.18
91,Jamestown,US,2021-11-02 01:34:21,42.097,-79.2353,45.01,63,90,8.01
92,Clarence Town,AU,2021-11-02 01:34:21,-32.5833,151.7833,78.15,37,39,7.96
93,Talcahuano,CL,2021-11-02 01:30:21,-36.7167,-73.1167,55.08,82,0,9.22
94,Waipawa,NZ,2021-11-02 01:34:21,-41.4122,175.5153,59.45,77,56,14.16
95,Acarau,BR,2021-11-02 01:30:04,-2.8856,-40.12,79.92,79,97,14.94
96,Arraial Do Cabo,BR,2021-11-02 01:34:22,-22.9661,-42.0278,71.46,94,90,16.11
97,Ambilobe,MG,2021-11-02 01:34:22,-13.2,49.05,71.87,92,0,4.12
98,Djibo,BF,2021-11-02 01:34:22,14.1022,-1.6306,83.17,22,88,9.28
99,Lahaina,US,2021-11-02 01:30:07,20.8783,-156.6825,83.44,81,62,5.28
100,Atambua,ID,2021-11-02 01:34:23,-9.1061,124.8925,87.3,52,30,2.77
101,Tra Vinh,VN,2021-11-02 01:34:23,9.9347,106.3453,85.64,64,75,12.75
102,Hermanus,ZA,2021-11-02 01:34:23,-34.4187,19.2345,54.9,71,72,9.01
103,Valparaiso,CL,2021-11-02 01:34:24,-33.0393,-71.6273,58.48,77,90,0.0
104,Cayenne,GF,2021-11-02 01:30:15,4.9333,-52.3333,82.09,81,64,5.01
105,Marsh Harbour,BS,2021-11-02 01:34:24,26.5412,-77.0636,76.93,63,11,12.93
106,Kampil,IN,2021-11-02 01:34:24,27.6167,79.2833,66.33,67,0,4.9
107,Kununurra,AU,2021-11-02 01:32:59,-15.7667,128.7333,96.78,44,90,6.91
108,Apache Junction,US,2021-11-02 01:34:25,33.4151,-111.5496,77.58,30,1,1.01
109,Lorengau,PG,2021-11-02 01:30:26,-2.0226,147.2712,86.5,60,100,5.93
110,Puerto Colombia,CO,2021-11-02 01:34:25,10.9878,-74.9547,78.89,78,14,11.79
111,Picota,PE,2021-11-02 01:34:26,-6.9197,-76.3304,81.09,83,29,1.83
112,Namibe,AO,2021-11-02 01:32:04,-15.1961,12.1522,64.36,84,44,4.47
113,Faanui,PF,2021-11-02 01:34:26,-16.4833,-151.75,80.24,77,15,14.99
114,Hami,CN,2021-11-02 01:31:16,42.8,93.45,46.87,50,90,4.21
115,Batagay-Alyta,RU,2021-11-02 01:34:26,67.8006,130.4114,-9.74,86,30,5.14
116,Moanda,GA,2021-11-02 01:34:27,-1.5575,13.2178,68.88,99,100,1.7
117,Axim,GH,2021-11-02 01:34:27,4.8699,-2.2405,77.54,89,78,5.88
118,Saskylakh,RU,2021-11-02 01:31:32,71.9167,114.0833,-9.11,100,100,2.68
119,Umm Lajj,SA,2021-11-02 01:34:27,25.0213,37.2685,82.54,58,100,5.19
120,Devils Lake,US,2021-11-02 01:34:28,48.1128,-98.8651,33.94,68,90,1.99
121,Gogrial,SS,2021-11-02 01:34:28,8.5332,28.1004,74.8,70,100,4.63
122,Conde,BR,2021-11-02 01:34:28,-7.2597,-34.9075,78.26,78,20,6.91
123,Sao Raimundo Nonato,BR,2021-11-02 01:34:29,-9.0153,-42.6994,81.14,51,100,3.74
124,Hithadhoo,MV,2021-11-02 01:34:29,-0.6,73.0833,82.98,73,78,17.56
125,Kapaa,US,2021-11-02 01:29:37,22.0752,-159.319,82.38,78,90,1.01
126,Dakar,SN,2021-11-02 01:34:29,14.6937,-17.4441,79.68,76,7,16.04
127,Bredasdorp,ZA,2021-11-02 01:30:19,-34.5322,20.0403,54.72,82,45,8.05
128,Punta Arenas,CL,2021-11-02 01:28:16,-53.15,-70.9167,50.11,62,0,10.36
129,Tlalchapa,MX,2021-11-02 01:34:30,18.4,-100.4667,74.1,86,11,1.63
130,Leningradskiy,RU,2021-11-02 01:31:18,69.3833,178.4167,2.52,76,100,8.86
131,Albany,US,2021-11-02 01:27:31,42.6001,-73.9662,43.54,70,100,5.88
132,Mandalgovi,MN,2021-11-02 01:34:30,45.7625,106.2708,30.47,34,0,12.75
133,Bathsheba,BB,2021-11-02 01:34:30,13.2167,-59.5167,81.21,74,75,9.22
134,Zhigansk,RU,2021-11-02 01:31:38,66.7697,123.3711,5.99,89,100,4.16
135,Nemuro,JP,2021-11-02 01:34:31,43.3236,145.575,46.83,67,100,17.27
136,Vaitape,PF,2021-11-02 01:35:31,-16.5167,-151.75,80.22,77,14,15.12
137,Vanimo,PG,2021-11-02 01:35:31,-2.6741,141.3028,87.03,60,100,3.02
138,Los Llanos De Aridane,ES,2021-11-02 01:35:32,28.6585,-17.9182,65.95,74,0,3.0
139,Zhoucheng,CN,2021-11-02 01:35:32,35.9122,116.3117,59.02,57,96,11.86
140,Nioro,GM,2021-11-02 01:35:32,13.35,-15.75,75.6,66,9,6.46
141,Carnarvon,AU,2021-11-02 01:35:34,-24.8667,113.6333,68.07,45,90,17.27
142,Castro,BR,2021-11-02 01:35:34,-24.7911,-50.0119,57.96,97,58,7.23
143,Biak,ID,2021-11-02 01:35:34,-0.9131,122.8766,84.42,64,99,1.61
144,San Cristobal,VE,2021-11-02 01:35:35,7.7669,-72.225,68.18,97,86,2.26
145,Krasnoselkup,RU,2021-11-02 01:33:29,65.7,82.4667,-9.35,98,22,10.09
146,Tucuma,BR,2021-11-02 01:35:35,-0.1833,-50.05,77.97,88,94,6.15
147,Husavik,IS,2021-11-02 01:35:35,66.0449,-17.3389,31.91,95,100,19.73
148,Kelowna,CA,2021-11-02 01:31:58,49.8831,-119.4857,42.66,72,90,2.3
149,Otautau,NZ,2021-11-02 01:35:36,-46.15,168.0,52.45,48,98,8.41
150,Salalah,OM,2021-11-02 01:31:37,17.0151,54.0924,71.69,56,0,6.91
151,Harlingen,US,2021-11-02 01:35:36,26.1906,-97.6961,78.35,83,1,8.05
152,Cabo San Lucas,MX,2021-11-02 01:35:36,22.8909,-109.9124,80.62,68,2,3.0
153,Evensk,RU,2021-11-02 01:35:36,61.95,159.2333,-0.24,79,13,2.73
154,Broken Hill,AU,2021-11-02 01:31:24,-31.95,141.4333,83.91,21,100,12.66
155,New Glasgow,CA,2021-11-02 01:35:37,45.5834,-62.6486,53.78,71,0,11.99
156,Apen,DE,2021-11-02 01:35:37,53.2167,7.8,46.33,94,59,7.96
157,Severo-Kurilsk,RU,2021-11-02 01:35:37,50.6789,156.125,37.45,57,83,17.98
158,Qinhuangdao,CN,2021-11-02 01:35:38,39.9317,119.5883,54.03,62,63,8.57
159,Lavrentiya,RU,2021-11-02 01:35:38,65.5833,-171.0,17.37,84,100,20.24
160,Payo,ID,2021-11-02 01:35:38,-3.7508,103.6372,77.38,87,100,0.96
161,Butaritari,KI,2021-11-02 01:35:39,3.0707,172.7902,82.65,68,16,12.48
162,Klaksvik,FO,2021-11-02 01:35:39,62.2266,-6.589,43.72,87,100,23.76
163,Kahului,US,2021-11-02 01:35:39,20.8947,-156.47,83.46,77,40,9.22
164,Provideniya,RU,2021-11-02 01:35:40,64.3833,-173.3,21.31,79,90,24.61
165,Salamanca,ES,2021-11-02 01:35:40,40.8333,-6.0,47.98,87,100,7.29
166,Matay,EG,2021-11-02 01:35:40,28.419,30.7792,69.49,59,78,6.73
167,Kruisfontein,ZA,2021-11-02 01:33:27,-34.0033,24.7314,57.88,79,78,18.86
168,Bengkulu,ID,2021-11-02 01:35:41,-3.8004,102.2655,79.0,85,95,0.56
169,Mahon,ES,2021-11-02 01:35:41,39.8885,4.2658,63.16,82,40,5.75
170,Ostrovnoy,RU,2021-11-02 01:35:41,68.0531,39.5131,35.13,95,100,20.31
171,Emerald,AU,2021-11-02 01:35:42,-23.5333,148.1667,80.74,44,45,11.5
172,Taoudenni,ML,2021-11-02 01:35:42,22.6783,-3.9836,79.25,20,98,10.49
173,Parkes,AU,2021-11-02 01:35:42,-33.1333,148.1833,81.36,27,44,1.99
174,Santa Isabel,BR,2021-11-02 01:35:42,-23.3156,-46.2214,67.66,98,87,2.24
175,Mazatlan,MX,2021-11-02 01:31:31,23.2167,-106.4167,83.01,88,0,1.01
176,Cherskiy,RU,2021-11-02 01:35:43,68.75,161.3,-6.27,94,100,9.48
177,Poindimie,NC,2021-11-02 01:35:43,-20.9333,165.3333,76.96,52,59,11.3
178,Jacareacanga,BR,2021-11-02 01:31:19,-6.2222,-57.7528,71.04,98,100,1.57
179,Rostovka,RU,2021-11-02 01:35:43,55.3842,71.8891,10.26,75,26,11.81
180,Barrow,US,2021-11-02 01:35:44,71.2906,-156.7887,24.82,80,75,11.5
181,Saposoa,PE,2021-11-02 01:35:44,-6.934,-76.7716,79.41,77,62,2.77
182,Neuquen,AR,2021-11-02 01:35:44,-38.9516,-68.0591,67.89,60,0,4.61
183,Muros,ES,2021-11-02 01:35:45,42.7762,-9.0603,58.08,89,94,16.31
184,Medina Del Campo,ES,2021-11-02 01:35:45,41.3124,-4.9141,48.94,78,100,14.2
185,Marsa Matruh,EG,2021-11-02 01:36:45,31.3525,27.2453,62.8,77,0,5.75
186,Constantine,DZ,2021-11-02 01:36:46,36.365,6.6147,60.21,88,75,3.44
187,Krasnozerskoye,RU,2021-11-02 01:36:46,53.9828,79.2374,18.57,81,100,14.74
188,Ixtapa,MX,2021-11-02 01:33:16,20.7,-105.2,74.68,93,9,1.99
189,Kon Tum,VN,2021-11-02 01:36:47,14.35,108.0,79.12,65,96,4.43
190,Bayan,CN,2021-11-02 01:36:48,46.0833,127.4,42.01,61,10,4.59
191,Garowe,SO,2021-11-02 01:36:48,8.4054,48.4845,70.3,73,6,5.97
192,Novikovo,RU,2021-11-02 01:32:32,51.1537,37.8879,40.95,95,71,7.11
193,Mercedes,AR,2021-11-02 01:36:48,-34.6515,-59.4307,62.83,93,100,8.16
194,Mayo,US,2021-11-02 01:36:49,38.8876,-76.5119,51.67,83,1,0.0
195,Solnechnyy,RU,2021-11-02 01:36:49,50.7214,136.6319,38.52,39,7,4.27
196,Neiafu,TO,2021-11-02 01:36:49,-18.65,-173.9833,79.03,82,52,12.46
197,Hualmay,PE,2021-11-02 01:36:49,-11.0964,-77.6139,63.59,85,21,9.19
198,Umarizal,BR,2021-11-02 01:36:50,-5.9906,-37.8144,79.61,58,100,10.58
199,Tuatapere,NZ,2021-11-02 01:36:50,-46.1333,167.6833,52.83,53,84,11.54
200,Sumenep,ID,2021-11-02 01:36:50,-7.0167,113.8667,86.11,64,97,4.36
201,Altamira,BR,2021-11-02 01:36:51,-3.2033,-52.2064,73.85,92,98,2.37
202,Pontianak,ID,2021-11-02 01:36:51,-0.0333,109.3333,78.78,94,40,3.44
203,Itacoatiara,BR,2021-11-02 01:36:51,-3.1431,-58.4442,74.52,97,100,2.84
204,Alice Springs,AU,2021-11-02 01:34:23,-23.7,133.8833,76.55,61,75,9.22
205,Ngunguru,NZ,2021-11-02 01:36:52,-35.6167,174.5,67.15,61,24,15.46
206,Ormara,PK,2021-11-02 01:36:52,25.2088,64.6357,78.08,29,0,11.03
207,Villa Corzo,MX,2021-11-02 01:36:52,16.1667,-93.25,65.7,95,47,3.83
208,Sulina,RO,2021-11-02 01:36:52,45.1559,29.6536,52.03,90,97,1.92
209,Penzance,GB,2021-11-02 01:35:11,50.1186,-5.5371,49.77,69,89,16.87
210,General Roca,AR,2021-11-02 01:36:53,-39.0333,-67.5833,68.4,50,57,13.24
211,Dingle,PH,2021-11-02 01:32:29,10.9995,122.6711,82.83,79,95,14.0
212,Uklana Mandi,IN,2021-11-02 01:36:53,29.5023,75.8849,67.28,54,22,10.94
213,Altamont,US,2021-11-02 01:36:41,42.2068,-121.7372,48.04,88,90,3.44
214,Richards Bay,ZA,2021-11-02 01:36:54,-28.783,32.0377,69.58,85,51,22.84
215,Vilhena,BR,2021-11-02 01:36:54,-12.7406,-60.1458,68.95,94,100,1.16
216,Viedma,AR,2021-11-02 01:36:54,-40.8135,-62.9967,51.1,93,61,12.75
217,Senanga,ZM,2021-11-02 01:36:54,-16.1167,23.2667,73.54,55,55,5.3
218,Belogorsk,RU,2021-11-02 01:36:55,50.9158,128.4611,37.33,27,93,12.37
219,Fortuna,US,2021-11-02 01:31:39,40.5982,-124.1573,58.42,68,40,0.0
220,Ancud,CL,2021-11-02 01:36:55,-41.8697,-73.8203,49.53,88,100,17.02
221,Namatanai,PG,2021-11-02 01:36:55,-3.6667,152.4333,85.05,69,60,2.84
222,Saldanha,ZA,2021-11-02 01:36:56,-33.0117,17.9442,50.05,51,82,3.04
223,Mount Isa,AU,2021-11-02 01:36:56,-20.7333,139.5,92.97,38,1,16.11
224,Tahoua,NE,2021-11-02 01:36:56,14.8888,5.2692,80.53,18,90,8.48
225,Georgetown,MY,2021-11-02 01:36:57,5.4112,100.3354,80.89,90,20,5.01
226,Gao,ML,2021-11-02 01:36:57,16.6362,1.637,82.26,16,94,8.37
227,Clyde River,CA,2021-11-02 01:36:57,70.4692,-68.5914,16.66,92,100,9.37
228,Zhenlai,CN,2021-11-02 01:36:58,45.8495,123.2973,41.58,31,70,13.22
229,Balabac,PH,2021-11-02 01:36:58,7.9868,117.0645,83.14,80,100,16.22
230,Piacabucu,BR,2021-11-02 01:36:58,-10.4056,-36.4344,77.92,84,28,12.48
231,Fare,PF,2021-11-02 01:36:59,-16.7,-151.0167,79.84,79,7,12.5
232,Tabou,CI,2021-11-02 01:36:59,4.423,-7.3528,76.66,90,46,5.08
233,Sao Miguel Do Araguaia,BR,2021-11-02 01:36:59,-13.275,-50.1628,72.21,94,100,4.16
234,Mackay,AU,2021-11-02 01:38:00,-21.15,149.2,82.38,57,40,16.11
235,Dapaong,TG,2021-11-02 01:38:00,10.8639,0.205,77.22,51,44,2.26
236,Belyy Yar,RU,2021-11-02 01:38:00,53.6039,91.3903,39.09,62,0,17.9
237,Nanortalik,GL,2021-11-02 01:38:01,60.1432,-45.2371,38.43,73,100,11.97
238,Katsuura,JP,2021-11-02 01:38:01,35.1333,140.3,68.04,81,100,9.46
239,Touros,BR,2021-11-02 01:37:24,-5.1989,-35.4608,79.7,79,74,12.91
240,Pisco,PE,2021-11-02 01:37:00,-13.7,-76.2167,64.45,82,90,10.36
241,Turukhansk,RU,2021-11-02 01:38:02,65.8167,87.9833,-14.53,99,89,4.23
242,Borogontsy,RU,2021-11-02 01:38:03,62.6683,131.1683,20.71,92,100,9.75
243,Omboue,GA,2021-11-02 01:31:33,-1.5746,9.2618,73.13,95,90,3.8
244,East London,ZA,2021-11-02 01:36:38,-33.0153,27.9116,61.54,60,0,19.71
245,Nelson Bay,AU,2021-11-02 01:38:03,-32.7167,152.15,77.29,59,17,4.0
246,Kaitangata,NZ,2021-11-02 01:38:04,-46.2817,169.8464,53.98,50,94,15.9
247,Arman,RU,2021-11-02 01:38:05,59.7,150.1667,12.02,47,96,3.51
248,Vihari,PK,2021-11-02 01:38:05,30.0333,72.35,64.18,51,0,11.3
249,Mpika,ZM,2021-11-02 01:38:05,-11.8343,31.4529,62.04,81,35,3.24
250,Asyut,EG,2021-11-02 01:38:06,27.181,31.1837,66.38,44,0,5.75
251,Eskil,TR,2021-11-02 01:38:06,38.4017,33.4131,56.16,76,100,5.66
252,Horice,CZ,2021-11-02 01:38:06,50.3661,15.6318,47.52,95,100,3.33
253,Troitskoye,RU,2021-11-02 01:38:06,52.9821,84.6757,34.3,98,100,9.95
254,Lagoa,PT,2021-11-02 01:38:07,39.05,-27.9833,69.57,83,86,2.71
255,Homer,US,2021-11-02 01:38:07,59.6425,-151.5483,42.69,83,90,3.44
256,Tessalit,ML,2021-11-02 01:38:07,20.1986,1.0114,80.74,15,100,10.92
257,Monteagudo,BO,2021-11-02 01:38:08,-19.8167,-63.9833,69.69,81,100,2.33
258,Blagoyevo,RU,2021-11-02 01:38:08,63.3667,47.9167,21.7,81,54,7.52
259,Meiktila,MM,2021-11-02 01:38:08,20.8667,95.8667,77.4,76,15,4.61
260,Karratha,AU,2021-11-02 01:38:09,-20.7377,116.8463,79.02,37,0,11.65
261,Pizarro,CO,2021-11-02 01:38:09,4.9533,-77.366,76.57,82,26,3.69
262,Sibut,CF,2021-11-02 01:38:09,5.718,19.0739,69.75,97,100,0.81
263,Mount Gambier,AU,2021-11-02 01:38:09,-37.8333,140.7667,78.71,31,83,21.85
264,Rosignol,GY,2021-11-02 01:38:10,6.2833,-57.5333,76.53,87,63,4.14
265,Dali,CN,2021-11-02 01:38:10,25.7,100.1833,60.35,65,1,2.51
266,Antalaha,MG,2021-11-02 01:38:10,-14.9003,50.2788,73.33,92,38,1.32
267,Lunenburg,CA,2021-11-02 01:38:11,44.3835,-64.3155,47.41,87,0,10.4
268,Henties Bay,NA,2021-11-02 01:38:11,-22.116,14.2845,56.86,91,0,11.07
269,Kommunisticheskiy,RU,2021-11-02 01:38:11,61.6789,64.4819,7.61,92,8,5.5
270,Fairbanks,US,2021-11-02 01:35:14,64.8378,-147.7164,32.59,79,90,1.01
271,Sisimiut,GL,2021-11-02 01:38:12,66.9395,-53.6735,33.26,98,100,8.99
272,Banganapalle,IN,2021-11-02 01:38:12,15.3167,78.2333,75.33,83,100,4.21
273,Makat,KZ,2021-11-02 01:38:12,47.6469,53.3463,46.06,51,100,6.51
274,Hambantota,LK,2021-11-02 01:38:13,6.1241,81.1185,75.54,100,20,0.0
275,Khandbari,NP,2021-11-02 01:38:13,27.3747,87.2039,62.6,67,1,1.25
276,Norman Wells,CA,2021-11-02 01:38:13,65.282,-126.8329,23.04,93,75,4.61
277,Gorontalo,ID,2021-11-02 01:38:14,0.5412,123.0595,87.76,61,100,3.27
278,Codrington,AU,2021-11-02 01:38:14,-38.2667,141.9667,76.91,42,39,13.94
279,Matara,LK,2021-11-02 01:39:14,5.9485,80.5353,79.34,86,76,4.38
280,Roald,NO,2021-11-02 01:39:15,62.5833,6.1333,53.74,50,40,10.36
281,Requena,ES,2021-11-02 01:39:15,39.4883,-1.1004,57.13,77,95,15.55
282,Bonthe,SL,2021-11-02 01:39:15,7.5264,-12.505,77.5,84,100,2.86
283,La Palma,US,2021-11-02 01:39:15,33.8464,-118.0467,68.81,79,75,4.0
284,Ojinaga,MX,2021-11-02 01:39:16,29.5667,-104.4167,77.95,27,1,0.0
285,Port Elizabeth,ZA,2021-11-02 01:29:08,-33.918,25.5701,60.1,67,0,24.16
286,Thunder Bay,CA,2021-11-02 01:39:16,48.4001,-89.3168,32.99,90,20,6.91
287,Acari,PE,2021-11-02 01:39:16,-15.4311,-74.6158,69.01,73,28,2.1
288,Luderitz,NA,2021-11-02 01:39:17,-26.6481,15.1594,56.48,73,0,16.22
289,Sibolga,ID,2021-11-02 01:39:17,1.7427,98.7792,81.68,77,99,1.5
290,Nouadhibou,MR,2021-11-02 01:39:17,20.931,-17.0347,67.98,83,65,12.66
291,Khorramabad,IR,2021-11-02 01:39:18,33.4878,48.3558,56.61,39,20,1.57
292,Prykolotne,UA,2021-11-02 01:39:18,50.1604,37.3474,44.76,94,98,9.69
293,Sarangani,PH,2021-11-02 01:39:18,5.4033,125.4636,83.55,75,74,15.23
294,Buraydah,SA,2021-11-02 01:39:18,26.326,43.975,66.65,25,100,7.7
295,Bima,ID,2021-11-02 01:39:19,-8.4667,118.7167,91.38,56,88,1.92
296,La Brea,HN,2021-11-02 01:39:19,15.8,-85.9667,74.86,90,97,1.57
297,Mahanoro,MG,2021-11-02 01:39:20,-19.9,48.8,72.59,94,51,6.89
298,Wagar,SD,2021-11-02 01:39:20,16.1525,36.2032,80.96,64,99,8.19
299,Luwuk,ID,2021-11-02 01:39:20,-0.9516,122.7875,87.15,63,100,3.11
300,Bagotville,AU,2021-11-02 01:39:21,-28.9833,153.4167,69.82,85,100,8.97
301,Bogalusa,US,2021-11-02 01:36:05,30.791,-89.8487,62.69,88,1,0.0
302,Sarata,UA,2021-11-02 01:39:21,46.0197,29.6657,50.38,86,100,2.62
303,Waingapu,ID,2021-11-02 01:39:21,-9.6567,120.2641,87.42,64,97,8.12
304,Morondava,MG,2021-11-02 01:39:22,-20.2833,44.2833,72.93,92,7,7.02
305,North Bend,US,2021-11-02 01:34:44,43.4065,-124.2243,55.94,94,1,3.44
306,La Paz,BO,2021-11-02 01:37:36,-16.5,-68.15,49.98,76,40,2.3
307,Blois,FR,2021-11-02 01:38:31,47.5833,1.3333,48.78,89,100,11.54
308,Sobolevo,RU,2021-11-02 01:39:22,54.4299,31.8996,36.14,92,0,6.96
309,Kralendijk,BQ,2021-11-02 01:36:31,12.15,-68.2667,80.58,78,20,8.05
310,Kirensk,RU,2021-11-02 01:39:23,57.7853,108.1119,23.92,63,92,9.44
311,Beyla,GN,2021-11-02 01:39:23,8.6833,-8.6333,66.78,92,31,1.7
312,Boa Vista,BR,2021-11-02 01:39:23,2.8197,-60.6733,84.18,65,20,5.75
313,Lompoc,US,2021-11-02 01:31:30,34.6391,-120.4579,64.54,82,1,10.36
314,Padang,ID,2021-11-02 01:39:24,-0.9492,100.3543,80.65,75,95,1.23
315,Iqaluit,CA,2021-11-02 01:39:24,63.7506,-68.5145,24.53,73,75,13.0
316,Shaoguan,CN,2021-11-02 01:34:59,24.8,113.5833,65.53,93,100,1.77
317,Grootfontein,NA,2021-11-02 01:39:24,-19.5667,18.1167,62.17,27,0,3.44
318,Palu,ID,2021-11-02 01:39:25,-0.8917,119.8707,89.65,58,97,1.99
319,Kainantu,PG,2021-11-02 01:39:25,-6.2887,145.8655,72.82,63,83,4.81
320,Shanhetun,CN,2021-11-02 01:39:25,44.7,127.2,43.97,61,9,4.74
321,Okoneshnikovo,RU,2021-11-02 01:40:26,54.8377,75.0834,10.92,72,84,14.92
322,Bamiantong,CN,2021-11-02 01:40:26,44.9333,130.5333,45.01,54,13,1.41
323,Grajau,BR,2021-11-02 01:40:26,-5.8194,-46.1386,74.43,93,100,1.1
324,Sur,OM,2021-11-02 01:40:27,22.5667,59.5289,78.22,47,5,3.2
325,Ahipara,NZ,2021-11-02 01:40:27,-35.1667,173.1667,62.78,67,9,18.7
326,Beisfjord,NO,2021-11-02 01:40:27,68.3751,17.5988,51.85,93,100,8.95
327,Khorixas,NA,2021-11-02 01:40:28,-20.3667,14.9667,57.72,50,5,1.88
328,Ranong,TH,2021-11-02 01:40:28,9.9658,98.6348,78.73,79,100,2.86
329,Nhamunda,BR,2021-11-02 01:40:28,-2.1861,-56.7131,76.26,88,54,1.79
330,Palembang,ID,2021-11-02 01:37:45,-2.9167,104.7458,75.29,94,40,3.44
331,La Sarre,CA,2021-11-02 01:40:29,48.8002,-79.1996,32.88,81,85,13.8
332,Bose,IT,2021-11-02 01:40:29,45.4612,8.0137,47.73,85,0,5.35
333,Vardo,NO,2021-11-02 01:31:28,70.3705,31.1107,41.23,90,100,28.97
334,Osijek,HR,2021-11-02 01:40:29,45.5511,18.6939,49.41,87,0,8.05
335,Santiago Del Estero,AR,2021-11-02 01:40:30,-27.7951,-64.2615,65.28,80,82,10.65
336,San Quintin,MX,2021-11-02 01:40:30,30.4833,-115.95,63.68,86,46,10.16
337,Longyearbyen,SJ,2021-11-02 01:30:59,78.2186,15.6401,22.84,68,75,20.71
338,Ribeira Grande,PT,2021-11-02 01:40:30,38.5167,-28.7,70.63,86,100,13.6
339,Marfino,RU,2021-11-02 01:40:31,55.7028,37.3822,35.94,87,90,0.0
340,Mbini,GQ,2021-11-02 01:40:31,1.574,9.6134,75.2,88,100,5.17
341,Dalvik,IS,2021-11-02 01:40:31,65.9702,-18.5286,31.93,96,100,13.71
342,Geraldton,AU,2021-11-02 01:40:31,-28.7667,114.6,65.12,59,90,10.36
343,Rawson,AR,2021-11-02 01:40:33,-43.3002,-65.1023,56.88,75,97,30.8
344,Bubaque,GW,2021-11-02 01:40:33,11.2833,-15.8333,82.42,76,3,15.14
345,Sitka,US,2021-11-02 01:40:33,57.0531,-135.33,51.69,54,1,8.05
346,Rockhampton,AU,2021-11-02 01:40:34,-23.3833,150.5,78.69,50,75,11.5
347,Asau,RO,2021-11-02 01:40:34,46.4333,26.4,45.52,91,1,4.03
348,Manicore,BR,2021-11-02 01:40:34,-5.8092,-61.3003,74.39,98,100,2.93
349,La Ronge,CA,2021-11-02 01:40:35,55.1001,-105.2842,25.05,80,20,2.3
350,Novaya Lyalya,RU,2021-11-02 01:40:35,59.055,60.599,8.6,90,5,3.22
351,Lebu,CL,2021-11-02 01:40:35,-37.6167,-73.65,49.6,89,2,5.95
352,Lamar,US,2021-11-02 01:40:36,33.6668,-95.5836,65.52,65,20,9.22
353,Rocha,UY,2021-11-02 01:40:36,-34.4833,-54.3333,62.67,98,99,7.27
354,Bambous Virieux,MU,2021-11-02 01:40:36,-20.3428,57.7575,70.21,88,40,3.44
355,Brae,GB,2021-11-02 01:40:36,60.3964,-1.353,40.91,85,68,6.2
356,Airai,TL,2021-11-02 01:40:37,-8.9266,125.4092,77.79,44,65,3.18
357,Portland,US,2021-11-02 01:36:53,45.5234,-122.6762,51.6,89,90,1.99
358,Surazh,RU,2021-11-02 01:40:37,53.0175,32.3918,36.9,95,0,7.52
359,Yaan,NG,2021-11-02 01:40:37,7.3833,8.5667,72.01,92,55,7.56
360,Isla Mujeres,MX,2021-11-02 01:40:38,21.2311,-86.731,79.59,65,16,13.56
361,Boende,CD,2021-11-02 01:40:38,-0.2167,20.8667,68.65,99,100,1.48
362,Namie,JP,2021-11-02 01:40:38,37.4833,141.0,67.96,80,99,8.97
363,Tanete,ID,2021-11-02 01:40:39,-3.9443,119.7848,87.13,65,92,4.83
364,Abaete,BR,2021-11-02 01:40:39,-19.16,-45.4458,69.98,86,59,1.99
365,Keta,GH,2021-11-02 01:41:39,5.9179,0.9879,82.62,84,100,10.36
366,Pacific Grove,US,2021-11-02 01:41:40,36.6177,-121.9166,63.0,88,90,10.0
367,Margate,GB,2021-11-02 01:41:40,51.3813,1.3862,47.3,82,100,9.66
368,Goderich,CA,2021-11-02 01:41:40,43.7501,-81.7165,46.9,53,100,14.97
369,Naze,JP,2021-11-02 01:41:40,28.3667,129.4833,72.52,58,100,16.62
370,Sao Joao Da Barra,BR,2021-11-02 01:41:41,-21.6403,-41.0511,72.3,94,100,16.82
371,Mangai,CD,2021-11-02 01:41:41,-4.05,19.5333,68.83,99,100,3.8
372,San Pedro,PH,2021-11-02 01:41:41,14.35,121.0167,84.34,76,75,1.14
373,Laguna,US,2021-11-02 01:41:42,38.421,-121.4238,64.45,86,90,1.01
374,Hrubieszow,PL,2021-11-02 01:41:42,50.805,23.8925,37.54,79,0,7.29
375,Ulaanbaatar,MN,2021-11-02 01:41:42,47.9077,106.8832,28.53,74,20,2.24
376,Alausi,EC,2021-11-02 01:41:43,-2.2,-78.8333,50.0,96,84,0.65
377,Manono,CD,2021-11-02 01:41:43,-7.3,27.4167,67.14,99,84,1.39
378,Erzin,TR,2021-11-02 01:41:43,36.9559,36.2,64.92,79,100,3.65
379,Kaeo,NZ,2021-11-02 01:41:44,-35.1,173.7833,67.32,61,4,11.52
380,Fort Nelson,CA,2021-11-02 01:41:44,58.8053,-122.7002,22.59,74,1,2.3
381,Gushikawa,JP,2021-11-02 01:41:44,26.3544,127.8686,74.79,68,90,12.66
382,Adrar,MR,2021-11-02 01:41:45,20.5022,-10.0711,79.5,17,65,9.86
383,Port Hueneme,US,2021-11-02 01:41:45,34.1478,-119.1951,65.46,85,1,6.91
384,Urubicha,BO,2021-11-02 01:41:45,-15.3833,-62.95,75.15,74,58,3.27
385,Anloga,GH,2021-11-02 01:41:46,5.7947,0.8973,82.62,83,100,11.07
386,Villa Maria,AR,2021-11-02 01:41:46,-32.4075,-63.2402,59.0,95,100,7.43
387,Lichuan,CN,2021-11-02 01:41:46,30.3,108.85,50.32,90,100,1.57
388,Bambari,CF,2021-11-02 01:41:46,5.768,20.6757,70.11,94,98,3.6
389,Lasa,IT,2021-11-02 01:41:47,46.6166,10.7002,43.68,96,100,5.84
390,Mporokoso,ZM,2021-11-02 01:41:47,-9.3727,30.125,62.17,91,94,2.04
391,Malanje,AO,2021-11-02 01:41:47,-9.5402,16.341,63.43,97,100,4.97
392,Paraiso,CR,2021-11-02 01:41:48,9.8383,-83.8656,65.26,88,100,2.8
393,Palmer,US,2021-11-02 01:41:48,42.1584,-72.3287,45.18,82,75,0.0
394,Niamtougou,TG,2021-11-02 01:41:48,9.7681,1.1053,73.13,64,26,2.35
395,Dongsheng,CN,2021-11-02 01:41:49,39.8161,109.9776,42.82,46,0,14.29
396,Oktyabrskiy,RU,2021-11-02 01:41:49,54.4815,53.471,38.25,94,100,3.29
397,Sakakah,SA,2021-11-02 01:41:49,29.9697,40.2064,71.17,34,17,7.25
398,Sohag,EG,2021-11-02 01:41:50,26.557,31.6948,66.49,35,0,7.31
399,Saint-Pierre,RE,2021-11-02 01:41:50,-21.3393,55.4781,71.24,67,0,4.61
400,Baghdad,IQ,2021-11-02 01:41:50,33.3406,44.4009,73.31,53,20,6.91
401,Haines Junction,CA,2021-11-02 01:41:50,60.7522,-137.5108,33.75,60,31,0.0
402,Ozernovskiy,RU,2021-11-02 01:41:51,51.5,156.5167,33.13,74,100,9.8
403,Qasigiannguit,GL,2021-11-02 01:41:51,68.8193,-51.1922,32.25,98,100,4.5
404,Pafos,CY,2021-11-02 01:41:51,34.7667,32.4167,71.51,83,75,19.57
405,Curup,ID,2021-11-02 01:41:52,-3.4667,102.5333,74.41,86,100,3.02
406,Lincoln,US,2021-11-02 01:36:54,40.8,-96.667,42.24,84,90,1.01
407,Matagami,CA,2021-11-02 01:41:52,49.7502,-77.6328,32.11,100,90,14.97
408,Ikongo,MG,2021-11-02 01:41:52,-21.8833,47.4333,66.33,94,33,3.04
409,Redlands,US,2021-11-02 01:41:52,34.0556,-117.1825,69.37,72,20,5.75
410,Torbay,CA,2021-11-02 01:41:53,47.6666,-52.7314,53.76,98,75,14.97
411,Rawatsar,IN,2021-11-02 01:42:53,29.2833,74.3833,70.68,35,0,8.86
412,Miles City,US,2021-11-02 01:42:53,46.4083,-105.8406,36.57,41,1,0.0
413,Itupiranga,BR,2021-11-02 01:42:54,-5.1347,-49.3267,75.43,90,100,2.71
414,Conceicao Da Barra,BR,2021-11-02 01:42:54,-18.5933,-39.7322,73.33,93,99,10.31
415,Sabang,ID,2021-11-02 01:42:54,5.8933,95.3214,81.21,75,100,4.07
416,Camacha,PT,2021-11-02 01:42:55,33.0833,-16.3333,67.42,83,20,5.75
417,Okha,RU,2021-11-02 01:42:55,53.5739,142.9478,35.8,60,98,8.1
418,Lamu,KE,2021-11-02 01:42:55,-2.2717,40.902,79.02,85,94,10.36
419,Machali,CL,2021-11-02 01:42:55,-34.1833,-70.6667,62.31,61,100,2.77
420,Port Blair,IN,2021-11-02 01:42:56,11.6667,92.75,83.32,75,100,10.42
421,Pemba,MZ,2021-11-02 01:42:56,-12.974,40.5178,77.7,94,40,10.36
422,Taltal,CL,2021-11-02 01:42:56,-25.4,-70.4833,61.66,77,0,4.63
423,Nyurba,RU,2021-11-02 01:42:57,63.2842,118.3319,25.84,95,100,6.71
424,Ilo,PE,2021-11-02 01:42:57,-17.6394,-71.3375,64.69,83,51,5.55
425,Berlevag,NO,2021-11-02 01:42:57,70.8578,29.0864,41.43,90,100,32.5
426,Iguatemi,BR,2021-11-02 01:42:57,-23.6803,-54.5611,69.15,80,67,3.74
427,La Asuncion,VE,2021-11-02 01:42:58,11.0333,-63.8628,78.26,83,61,9.1
428,Marawi,PH,2021-11-02 01:42:58,7.9986,124.2928,72.64,89,99,4.03
429,Nome,US,2021-11-02 01:42:59,64.5011,-165.4064,28.47,86,90,25.32
430,Sao Felix Do Xingu,BR,2021-11-02 01:42:59,-6.6447,-51.995,72.54,99,100,0.63
431,Constitucion,CL,2021-11-02 01:42:59,-35.3333,-72.4167,50.97,83,22,7.67
432,Honningsvag,NO,2021-11-02 01:42:59,70.9821,25.9704,43.79,85,100,34.47
433,Drumheller,CA,2021-11-02 01:43:00,51.4617,-112.7101,33.13,59,0,11.5
434,Coihaique,CL,2021-11-02 01:43:00,-45.5752,-72.0662,53.55,54,0,2.3
435,Bonavista,CA,2021-11-02 01:43:01,48.6499,-53.1147,53.11,95,100,13.87
436,Alofi,NU,2021-11-02 01:43:01,-19.0595,-169.9187,82.29,61,75,13.8
437,Akdepe,TM,2021-11-02 01:43:01,42.0551,59.3788,33.89,48,80,9.13
438,Nara,JP,2021-11-02 01:40:14,34.6851,135.8049,67.32,51,19,5.95
439,Progreso,MX,2021-11-02 01:43:02,21.2833,-89.6667,76.86,72,19,11.54
440,Sinnamary,GF,2021-11-02 01:43:02,5.3833,-52.95,79.63,80,39,9.1
441,Lipin Bor,RU,2021-11-02 01:43:02,60.2622,37.9763,42.22,93,100,6.22
442,Masterton,NZ,2021-11-02 01:39:57,-40.9597,175.6575,72.97,57,48,9.24
443,Bria,CF,2021-11-02 01:43:03,6.5423,21.9863,68.99,98,99,3.0
444,Kuusamo,FI,2021-11-02 01:43:03,65.9667,29.1833,37.44,100,90,9.22
445,Petropavlovsk-Kamchatskiy,RU,2021-11-02 01:42:57,53.0452,158.6483,32.59,34,0,15.66
446,Bukachacha,RU,2021-11-02 01:43:03,52.9833,116.9167,29.73,93,100,2.19
447,Reconquista,AR,2021-11-02 01:43:04,-29.15,-59.65,68.68,93,26,9.22
448,Verkhnevilyuysk,RU,2021-11-02 01:43:04,63.4453,120.3167,27.81,91,100,7.67
449,Gizo,SB,2021-11-02 01:43:04,-8.103,156.8419,82.38,76,91,10.25
450,Kutum,SD,2021-11-02 01:43:05,14.2,24.6667,73.09,26,98,11.79
451,Nsoko,SZ,2021-11-02 01:43:05,-27.0333,31.95,65.79,96,17,1.74
452,Abu Zabad,SD,2021-11-02 01:43:05,12.35,29.25,85.08,25,100,7.29
453,Omsukchan,RU,2021-11-02 01:43:06,62.5333,155.8,-2.07,88,23,2.08
454,Porto Santo,PT,2021-11-02 01:43:06,33.072,-16.3415,70.18,83,20,5.75
455,Banda Aceh,ID,2021-11-02 01:43:06,5.5577,95.3222,81.82,74,100,1.95
456,Thinadhoo,MV,2021-11-02 01:43:06,0.5333,72.9333,83.46,74,69,17.18
457,Kupang,ID,2021-11-02 01:43:07,-10.1667,123.5833,90.18,55,20,8.05
458,Lokosovo,RU,2021-11-02 01:44:07,61.1333,74.8167,4.8,87,75,7.92
459,Caravelas,BR,2021-11-02 01:44:07,-17.7125,-39.2481,74.44,94,100,9.4
460,Sambava,MG,2021-11-02 01:44:08,-14.2667,50.1667,72.41,93,11,2.75
461,Aguimes,ES,2021-11-02 01:44:08,27.9054,-15.4461,66.0,73,40,11.5
462,Rumoi,JP,2021-11-02 01:44:08,43.9344,141.6428,49.51,74,100,11.32
463,College,US,2021-11-02 01:40:17,64.8569,-147.8028,32.58,79,90,1.01
464,Natchez,US,2021-11-02 01:44:09,31.5604,-91.4032,59.22,91,1,0.0
465,Vazante,BR,2021-11-02 01:44:09,-17.9869,-46.9078,70.43,85,67,1.68
466,Qaqortoq,GL,2021-11-02 01:44:09,60.7167,-46.0333,32.5,70,100,7.29
467,Auki,SB,2021-11-02 01:44:09,-8.7676,160.7034,83.26,77,66,5.06
468,Dinguiraye,GN,2021-11-02 01:44:10,11.3,-10.7167,72.43,78,23,2.48
469,Aksarka,RU,2021-11-02 01:44:10,66.5606,67.7975,15.76,81,97,13.35
470,San Ramon,US,2021-11-02 01:44:10,37.7799,-121.978,62.38,90,75,1.01
471,Hearst,CA,2021-11-02 01:44:11,49.6835,-83.6665,32.25,85,67,8.97
472,Tonj,SS,2021-11-02 01:44:11,7.2737,28.6822,73.13,81,100,4.97
473,Jiuquan,CN,2021-11-02 01:44:11,39.7432,98.5174,45.36,28,5,2.55
474,Saint-Francois,FR,2021-11-02 01:44:12,46.4154,3.9054,48.47,97,90,3.44
475,Coquimbo,CL,2021-11-02 01:44:12,-29.9533,-71.3436,58.73,77,90,6.91
476,Kasongo-Lunda,CD,2021-11-02 01:44:12,-6.4667,16.8167,69.24,99,100,1.03
477,Ketchikan,US,2021-11-02 01:44:12,55.3422,-131.6461,48.67,57,1,4.61
478,Port Hardy,CA,2021-11-02 01:44:13,50.6996,-127.4199,46.58,87,90,14.97
479,Araouane,ML,2021-11-02 01:44:13,18.9048,-3.5265,80.35,19,2,8.79
480,Thohoyandou,ZA,2021-11-02 01:44:13,-22.9456,30.485,69.91,43,0,2.55
481,Gonen,TR,2021-11-02 01:44:14,40.1049,27.654,57.02,55,0,3.85
482,Victoria,HK,2021-11-02 01:43:20,22.2855,114.1577,78.85,77,25,3.0
483,Galle,LK,2021-11-02 01:44:14,6.0367,80.217,80.01,83,84,4.9
484,Paamiut,GL,2021-11-02 01:44:14,61.994,-49.6678,36.54,68,100,13.53
485,Valentin Gomez Farias,MX,2021-11-02 01:44:15,28.2167,-106.5833,63.25,33,1,2.51
486,Vangaindrano,MG,2021-11-02 01:44:15,-23.35,47.6,71.65,95,73,2.91
487,Tarko-Sale,RU,2021-11-02 01:44:15,64.9225,77.785,-4.04,97,27,9.71
488,Morwell,AU,2021-11-02 01:44:16,-38.2333,146.4,79.34,27,3,2.82
489,San Pietro In Casale,IT,2021-11-02 01:44:16,44.6996,11.4022,55.09,90,54,8.3
490,Guerrero Negro,MX,2021-11-02 01:44:16,27.9769,-114.0611,65.41,83,94,12.44
491,Vostok,RU,2021-11-02 01:44:16,46.4856,135.8833,41.61,47,7,2.89
492,Tual,ID,2021-11-02 01:44:17,-5.6667,132.75,83.48,73,97,8.01
493,San Patricio,US,2021-11-02 01:44:17,28.017,-97.5169,76.84,69,0,7.94
494,Samarai,PG,2021-11-02 01:44:17,-10.6167,150.6667,83.57,73,88,14.36
495,Mangan,IN,2021-11-02 01:44:18,27.5167,88.5333,66.67,47,7,0.11
496,Unity,CA,2021-11-02 01:44:18,52.4501,-109.1682,26.92,48,10,8.5
497,Belaya Gora,RU,2021-11-02 01:44:18,68.5333,146.4167,1.83,96,100,6.89
498,Nuuk,GL,2021-11-02 01:44:18,64.1835,-51.7216,38.01,87,75,12.66
499,Krasnokholm,RU,2021-11-02 01:44:19,51.5979,54.1567,38.17,84,10,4.61
500,Necochea,AR,2021-11-02 01:44:19,-38.5473,-58.7368,52.03,90,100,6.67
501,Silver City,US,2021-11-02 01:44:19,32.7701,-108.2803,59.31,28,75,5.99
502,Bandarbeyla,SO,2021-11-02 01:44:20,9.4942,50.8122,76.3,75,8,9.71
503,Igarka,RU,2021-11-02 01:44:20,67.4667,86.5833,-8.27,98,99,10.07
504,Milkovo,RU,2021-11-02 01:44:20,54.7167,158.6167,25.63,59,17,4.72
505,Vao,NC,2021-11-02 01:44:20,-22.6667,167.4833,69.46,64,85,17.52
506,Prieska,ZA,2021-11-02 01:44:21,-29.6641,22.7474,52.27,45,2,8.61
507,Savelugu,GH,2021-11-02 01:45:21,9.6244,-0.8253,77.95,60,45,5.66
508,Kjopsvik,NO,2021-11-02 01:45:21,68.097,16.3742,51.67,90,100,9.64
509,Aleksandrov Gay,RU,2021-11-02 01:45:22,50.147,48.5704,43.03,75,15,4.23
510,Sorland,NO,2021-11-02 01:45:23,67.667,12.6934,47.46,85,93,18.39
511,Bilibino,RU,2021-11-02 01:45:23,68.0546,166.4372,-10.48,97,100,3.02
512,Vestmanna,FO,2021-11-02 01:45:24,62.1564,-7.1664,41.92,100,90,25.32
513,Pitimbu,BR,2021-11-02 01:45:24,-7.4706,-34.8086,79.39,74,53,12.17
514,Port Moresby,PG,2021-11-02 01:45:24,-9.4431,147.1797,89.02,66,40,6.58
515,Slave Lake,CA,2021-11-02 01:45:24,55.2834,-114.769,33.78,40,1,8.05
516,Amnat Charoen,TH,2021-11-02 01:45:25,15.9167,104.75,78.6,78,86,13.78
517,Pahrump,US,2021-11-02 01:45:25,36.2083,-115.9839,71.62,30,100,1.99
518,Manaus,BR,2021-11-02 01:44:44,-3.1019,-60.025,75.7,94,40,4.61
519,Merano,IT,2021-11-02 01:45:25,46.6682,11.1595,50.32,94,100,5.53
520,Roma,US,2021-11-02 01:45:15,43.2128,-75.4557,46.26,78,1,3.44
521,Egvekinot,RU,2021-11-02 01:45:27,66.3167,-179.1667,-3.86,89,18,7.9
522,Doha,QA,2021-11-02 01:40:56,25.2867,51.5333,78.78,78,0,6.91
523,Gat,IL,2021-11-02 01:44:08,31.61,34.7642,72.39,80,56,3.02
524,Nehe,CN,2021-11-02 01:45:27,48.4833,124.8333,38.64,31,29,13.35
525,Naco,MX,2021-11-02 01:45:28,31.3347,-109.9483,66.69,29,39,6.85
526,Safaga,EG,2021-11-02 01:45:28,26.7292,33.9365,76.95,49,0,10.58
527,Hasaki,JP,2021-11-02 01:45:28,35.7333,140.8333,70.29,74,98,8.37
528,Byron Bay,AU,2021-11-02 01:45:28,-28.65,153.6167,73.35,61,95,8.37
529,Agadir,MA,2021-11-02 01:44:51,30.4202,-9.5982,55.85,66,0,0.6
530,Boulder City,US,2021-11-02 01:45:30,35.9786,-114.8325,74.05,25,1,8.05
531,Swan River,CA,2021-11-02 01:45:30,52.1058,-101.2676,28.29,80,7,6.91
532,Pangnirtung,CA,2021-11-02 01:45:30,66.1451,-65.7125,16.05,74,67,7.4
533,Mitsamiouli,KM,2021-11-02 01:45:31,-11.3847,43.2844,78.48,80,7,10.54
534,Morgan City,US,2021-11-02 01:45:31,29.6994,-91.2068,64.0,76,63,1.79
535,Sorong,ID,2021-11-02 01:45:31,-0.8833,131.25,83.55,75,79,11.23
536,Vila,PT,2021-11-02 01:45:32,42.0304,-8.1588,46.33,90,100,5.1
537,Beterou,BJ,2021-11-02 01:45:32,9.1992,2.2586,74.55,75,77,1.66
538,Saint-Georges,GD,2021-11-02 01:45:32,12.0564,-61.7485,80.28,78,40,11.5
539,Ugoofaaru,MV,2021-11-02 01:45:33,5.6667,73.0,80.19,79,76,5.66
540,Cururupu,BR,2021-11-02 01:45:33,-1.8283,-44.8683,75.61,95,57,3.04
541,Griffith,US,2021-11-02 01:45:33,41.5284,-87.4237,43.9,67,75,1.01
542,Mogadishu,SO,2021-11-02 01:45:34,2.0371,45.3438,79.05,83,33,13.47
543,Vuktyl,RU,2021-11-02 01:45:34,63.8567,57.3094,4.35,94,10,2.01
544,Azuaga,ES,2021-11-02 01:45:34,38.2667,-5.6833,49.96,90,37,3.89
545,Zhangjiakou,CN,2021-11-02 01:45:35,40.81,114.8794,40.21,93,100,2.98
546,Yahualica,MX,2021-11-02 01:45:35,21.1333,-102.85,68.45,47,53,4.65
547,Macusani,PE,2021-11-02 01:45:35,-14.0833,-70.4333,38.19,91,96,1.68
548,Deniliquin,AU,2021-11-02 01:45:35,-35.5333,144.9667,86.0,20,1,12.91
549,Trincomalee,LK,2021-11-02 01:45:36,8.5711,81.2335,80.2,82,73,7.63
550,Svetlogorsk,BY,2021-11-02 01:45:36,52.6333,29.7333,37.98,95,47,7.25
551,Kharp,RU,2021-11-02 01:45:36,66.8014,65.8081,7.12,87,37,13.56
552,Pangody,RU,2021-11-02 01:45:37,65.85,74.4859,3.99,98,100,2.13
553,Meulaboh,ID,2021-11-02 01:46:37,4.1363,96.1285,81.68,74,86,4.38
554,Tiznit,MA,2021-11-02 01:46:37,29.5833,-9.5,61.59,52,0,1.97
555,Novoagansk,RU,2021-11-02 01:46:38,61.9449,76.6625,0.46,94,41,9.08
556,Isangel,VU,2021-11-02 01:46:38,-19.55,169.2667,76.23,56,47,16.06
557,Shimoda,JP,2021-11-02 01:46:38,34.6667,138.95,64.76,68,72,7.2
558,Fukue,JP,2021-11-02 01:46:39,32.6881,128.8419,64.76,59,40,12.66
559,Linxia,CN,2021-11-02 01:46:39,35.6003,103.2064,40.91,58,99,2.46
560,Vila Velha,BR,2021-11-02 01:46:39,-20.3297,-40.2925,73.35,94,90,12.66
561,Porto Novo,BJ,2021-11-02 01:46:40,6.4965,2.6036,73.22,85,100,6.53
562,Abu Samrah,SY,2021-11-02 01:46:40,35.3029,37.1841,63.57,63,100,8.39
563,Sulangan,PH,2021-11-02 01:46:40,11.1373,123.7228,82.04,78,72,12.95
564,Tukrah,LY,2021-11-02 01:46:40,32.5341,20.5791,70.32,73,38,7.56
565,Ngaoundere,CM,2021-11-02 01:46:41,7.3167,13.5833,62.26,91,99,3.22
566,Hoi An,VN,2021-11-02 01:46:41,15.8794,108.335,82.36,80,62,4.27
567,Kodinsk,RU,2021-11-02 01:46:41,58.6881,99.1844,16.79,82,100,4.54
568,Olafsvik,IS,2021-11-02 01:46:42,64.8945,-23.7142,33.98,67,79,24.16
569,Bilma,NE,2021-11-02 01:46:42,18.6853,12.9164,76.15,16,17,8.72
570,Kastamonu,TR,2021-11-02 01:46:43,41.5,33.6667,45.88,94,5,0.07
571,Yerbogachen,RU,2021-11-02 01:46:43,61.2767,108.0108,13.46,79,67,11.39
572,Aurangabad,IN,2021-11-02 01:41:57,19.8833,75.3333,67.75,58,99,4.34
