,City,Country,Lat,Lng,Max Temp,Humidity,Cloudiness,Wind Speed,Current Description
0,Qaanaaq,GL,77.484,-69.3632,5.59,72,8,8.41,
1,Nizhnevartovsk,RU,60.9344,76.5531,-0.38,85,40,4.47,
2,Vao,NC,-22.6667,167.4833,69.39,60,78,19.77,
3,Moussoro,TD,13.6408,16.4901,84.85,19,94,12.28,
4,Port Alfred,ZA,-33.5906,26.891,62.35,70,55,25.03,
5,Ponta Do Sol,PT,32.6667,-17.1,68.72,73,83,2.51,
6,Mataura,NZ,-46.1927,168.8643,52.48,74,96,6.33,
7,Yellowknife,CA,62.456,-114.3525,31.41,100,75,6.91,
8,Rikitea,PF,-23.1203,-134.9692,72.5,76,74,13.87,
9,Paamiut,GL,61.994,-49.6678,39.4,62,100,24.14,
10,Goderich,CA,43.7501,-81.7165,45.91,49,99,19.57,
11,Hilo,US,19.7297,-155.09,74.12,85,10,2.71,
12,Provideniya,RU,64.3833,-173.3,23.11,80,90,24.61,
13,Masuguru,TZ,-11.3667,38.4167,80.51,64,16,8.25,
14,Nikolskoye,RU,59.7035,30.7861,38.88,87,4,6.69,
15,Poum,NC,-20.2333,164.0167,74.12,65,69,18.14,
16,Hermanus,ZA,-34.4187,19.2345,54.9,66,82,8.61,
17,Mulege,MX,26.8833,-111.9833,70.92,69,25,2.89,
18,Ca Mau,VN,9.1769,105.15,89.58,54,99,14.03,
19,Bambous Virieux,MU,-20.3428,57.7575,78.22,69,40,12.66,
20,Trelleborg,SE,55.3751,13.1569,50.74,78,100,10.22,
21,Mukhtolovo,RU,55.4644,43.1953,35.17,84,13,2.82,
22,Noyabrsk,RU,63.1994,75.4507,3.78,96,98,8.88,
23,Ahvaz,IR,31.3203,48.6693,73.35,49,0,2.3,
24,Venice,US,27.0998,-82.4543,66.99,86,1,5.99,
25,Port-Gentil,GA,-0.7193,8.7815,76.48,85,88,3.87,
26,Kodiak,US,57.79,-152.4072,34.9,74,81,12.17,
27,Ende,ID,-8.8432,121.6623,87.21,68,71,5.26,
28,Punta Arenas,CL,-53.15,-70.9167,48.31,81,0,5.75,
29,Sault Sainte Marie,CA,46.5168,-84.3333,37.22,85,90,0.0,
30,Mar Del Plata,AR,-38.0023,-57.5575,59.09,94,90,1.01,
31,Kihei,US,20.785,-156.4656,77.85,89,72,2.51,
32,Cape Town,ZA,-33.9258,18.4232,58.1,74,20,6.91,
33,Mahebourg,MU,-20.4081,57.7,78.26,69,40,12.66,
34,Nakanojo,JP,36.5833,138.85,67.57,55,91,3.0,
35,Coolum Beach,AU,-26.5333,153.1,74.1,68,66,3.0,
36,Samarai,PG,-10.6167,150.6667,83.37,71,66,14.76,
37,Galesong,ID,-5.3166,119.3661,89.62,61,54,8.55,
38,Saskylakh,RU,71.9167,114.0833,-14.76,100,98,3.62,
39,Albany,US,42.6001,-73.9662,41.72,77,100,5.53,
40,Pimentel,PE,-6.8367,-79.9342,62.42,89,29,12.95,
41,Ribeira Grande,PT,38.5167,-28.7,70.47,87,99,13.06,
42,Champerico,GT,14.3,-91.9167,80.04,78,27,2.44,
43,Barrow,US,71.2906,-156.7887,8.62,85,20,11.5,
44,Georgetown,MY,5.4112,100.3354,85.89,74,20,1.99,
45,Fortuna,US,40.5982,-124.1573,56.32,70,90,5.75,
46,Aktash,RU,50.3,87.7333,23.2,57,100,5.21,
47,Faanui,PF,-16.4833,-151.75,79.84,80,48,15.08,
48,Mabaruma,GY,8.2,-59.7833,71.47,94,32,0.65,
49,Tautira,PF,-17.7333,-149.15,80.62,83,65,8.39,
50,Arraial Do Cabo,BR,-22.9661,-42.0278,70.45,90,99,11.52,
51,Amga,RU,60.8953,131.9608,27.18,82,98,6.73,
52,Jamestown,US,42.097,-79.2353,41.29,91,90,1.99,
53,Kendari,ID,-3.945,122.4989,86.7,69,100,3.8,
54,Constitucion,CL,-35.3333,-72.4167,50.54,77,9,7.76,
55,Atuona,PF,-9.8,-139.0333,78.06,75,49,10.94,
56,Hede,CN,33.7681,120.2517,62.67,49,100,4.76,
57,Butaritari,KI,3.0707,172.7902,81.97,72,15,12.71,
58,Busselton,AU,-33.65,115.3333,63.05,60,53,16.46,
59,Kemin,KG,42.7846,75.6892,51.64,29,10,1.83,
60,Peterhead,GB,57.5058,-1.7981,46.11,82,100,13.0,
61,Vestmannaeyjar,IS,63.4427,-20.2734,36.72,65,70,26.82,
62,Hithadhoo,MV,-0.6,73.0833,83.48,72,78,16.62,
63,Kapaa,US,22.0752,-159.319,75.11,59,64,4.21,
64,Beloha,MG,-25.1667,45.05,78.13,56,0,7.65,
65,Kaeo,NZ,-35.1,173.7833,63.32,65,22,11.41,
66,Cherskiy,RU,68.75,161.3,-6.77,93,100,10.09,
67,Chokurdakh,RU,70.6333,147.9167,-2.07,98,73,9.86,
68,Tambura,SS,5.6,27.4667,69.67,91,98,4.61,
69,Cidreira,BR,-30.1811,-50.2056,68.27,93,84,16.02,
70,Grindavik,IS,63.8424,-22.4338,33.75,74,75,25.32,
71,Ushuaia,AR,-54.8,-68.3,46.06,76,0,9.22,
72,Vaini,TO,-21.2,-175.2,78.96,94,75,11.5,
73,Hobart,AU,-42.8794,147.3294,78.03,41,75,5.01,
74,Hasaki,JP,35.7333,140.8333,68.4,78,91,14.45,
75,Gimli,CA,50.6336,-96.9907,30.22,80,34,4.61,
76,Hobyo,SO,5.3505,48.5268,82.08,67,47,10.98,
77,Luanda,AO,-8.8368,13.2343,77.0,78,75,5.75,
78,Bud,US,39.447,-86.1758,42.12,78,100,6.55,
79,Alta Floresta,BR,-9.8756,-56.0861,70.23,96,91,2.33,
80,Dudinka,RU,69.4058,86.1778,-1.5,95,100,12.97,
81,Bluff,NZ,-46.6,168.3333,52.81,56,83,13.47,
82,Pevek,RU,69.7008,170.3133,3.79,95,100,10.4,
83,Mason City,US,43.1536,-93.201,37.78,70,7,7.14,
84,Sitka,US,57.0531,-135.33,46.44,52,38,7.27,
85,Ouadda,CF,8.0777,22.4007,67.69,95,85,2.98,
86,Port Elizabeth,ZA,-33.918,25.5701,61.11,72,0,19.57,
87,Lieksa,FI,63.3167,30.0167,41.95,87,96,12.73,
88,Tasiilaq,GL,65.6145,-37.6368,20.05,68,100,5.1,
89,Lorengau,PG,-2.0226,147.2712,86.05,63,100,7.07,
90,Dikson,RU,73.5069,80.5464,4.66,94,12,6.8,
91,Kudahuvadhoo,MV,2.6708,72.8944,82.71,76,73,16.62,
92,Rzhaksa,RU,52.1338,42.0264,39.36,88,17,7.29,
93,Avera,US,33.194,-82.5271,51.31,63,28,1.39,
94,Chapais,CA,49.7834,-74.8492,29.98,89,100,15.82,
95,Lingao,CN,19.9103,109.6859,79.3,82,33,14.5,
96,Puerto Ayora,EC,-0.7393,-90.3518,68.18,92,55,5.06,
97,Hamilton,US,39.1834,-84.5333,46.58,71,100,1.01,
98,Talnakh,RU,69.4865,88.3972,0.3,92,100,11.18,
99,Moose Factory,CA,51.2585,-80.6094,32.0,93,90,20.71,
100,Chuy,UY,-33.6971,-53.4616,63.95,96,98,8.48,
101,Blythe,US,33.6103,-114.5964,72.03,30,97,6.31,
102,Orapa,BW,-21.2833,25.3667,77.95,23,0,14.14,
103,Ahuimanu,US,21.4447,-157.8378,79.75,74,75,5.75,
104,Gamba,GA,-2.65,10.0,74.05,93,97,4.07,
105,Thompson,CA,55.7435,-97.8558,26.76,93,75,4.61,
106,Ithaca,US,42.4406,-76.4966,44.62,84,90,3.44,
107,Lasa,IT,46.6166,10.7002,39.94,96,100,5.55,
108,Tecoanapa,MX,16.5167,-98.75,78.04,83,39,3.89,
109,Mantua,IT,45.1667,10.7833,50.27,91,61,5.01,
110,Palora,EC,-1.7,-77.9333,64.51,97,81,2.89,
111,Kysyl-Syr,RU,63.8986,122.7617,24.03,95,100,5.48,
112,The Valley,AI,18.217,-63.0578,81.82,70,2,13.87,
113,Vanimo,PG,-2.6741,141.3028,85.69,65,62,6.38,
114,Pisco,PE,-13.7,-76.2167,64.45,88,90,8.05,
115,Bowen,AU,-20.0167,148.2333,80.82,61,17,20.94,
116,Imbituba,BR,-28.24,-48.6703,70.83,96,63,5.35,
117,Colares,PT,38.7992,-9.4469,62.33,75,97,1.99,
118,Sitio Novo Do Tocantins,BR,-5.5183,-47.4611,78.73,94,40,2.3,
119,Ilulissat,GL,69.2167,-51.1,26.1,94,100,4.76,
120,Preobrazheniye,RU,42.9019,133.9064,48.18,69,73,3.22,
121,Khatanga,RU,71.9667,102.5,0.55,98,100,2.89,
122,Pau,FR,43.4167,-0.5833,54.16,87,75,3.44,
123,Worland,US,44.0169,-107.9554,37.67,75,90,8.05,
124,Bethel,US,41.3712,-73.414,48.49,79,99,3.4,
125,Juneau,US,58.3019,-134.4197,46.09,66,1,5.73,
126,Athabasca,CA,54.7169,-113.2854,28.22,52,4,7.4,
127,Tilichiki,RU,60.4667,166.1,-5.35,93,10,8.34,
128,El Alto,PE,-4.2714,-81.2147,64.54,71,15,9.19,
129,Araouane,ML,18.9048,-3.5265,77.76,21,5,8.57,
130,Uribia,CO,11.7139,-72.266,78.44,77,100,7.27,
131,Kollegal,IN,12.15,77.1167,78.19,80,98,8.14,
132,Srednekolymsk,RU,67.45,153.6833,-1.86,89,100,9.6,
133,Dingle,PH,10.9995,122.6711,82.35,81,93,11.9,
134,Upernavik,GL,72.7868,-56.1549,23.0,93,100,11.25,
135,Linxia,CN,35.6003,103.2064,44.6,49,100,3.91,
136,Klaksvik,FO,62.2266,-6.589,43.72,84,99,21.25,
137,East London,ZA,-33.0153,27.9116,59.94,58,0,9.22,
138,Deputatskiy,RU,69.3,139.9,-9.65,89,89,4.12,
139,Burgeo,CA,47.6167,-57.6152,51.58,85,77,16.15,
140,Castro,BR,-24.7911,-50.0119,58.32,94,83,5.79,
141,Lawton,US,34.6087,-98.3903,50.83,81,90,16.11,
142,Aykhal,RU,66.0,111.5,5.68,95,100,8.23,
143,Bredasdorp,ZA,-34.5322,20.0403,56.28,66,74,7.4,
144,Nouadhibou,MR,20.931,-17.0347,68.79,79,83,14.52,
145,Vostok,RU,46.4856,135.8833,42.4,42,6,3.51,
146,Shakawe,BW,-18.3667,21.85,76.42,14,4,1.21,
147,Ayagoz,KZ,47.9714,80.4392,41.34,76,100,23.62,
148,Boa Vista,BR,2.8197,-60.6733,82.38,69,20,4.61,
149,Clyde River,CA,70.4692,-68.5914,17.89,93,100,8.68,
150,New Norfolk,AU,-42.7826,147.0587,77.67,35,60,1.99,
151,Escarcega,MX,18.6089,-90.7454,67.59,90,12,2.37,
152,Mistelbach,AT,48.57,16.5767,47.79,90,100,1.99,
153,Atbasar,KZ,51.8,68.3333,29.61,91,100,19.75,
154,Birao,CF,10.2849,22.7882,73.22,77,55,3.31,
155,Emba,KZ,48.8264,58.1442,43.45,48,0,6.73,
156,Geraldton,AU,-28.7667,114.6,70.12,48,90,12.66,
157,Ponnani,IN,10.767,75.9252,85.32,79,100,9.04,
158,Roi Et,TH,15.75,103.75,87.24,69,79,8.68,
159,Dunedin,NZ,-45.8742,170.5036,53.8,59,76,15.01,
160,Ancud,CL,-41.8697,-73.8203,52.23,89,100,15.82,
161,Katsuura,JP,35.1333,140.3,75.11,66,51,7.25,
162,Guerrero Negro,MX,27.9769,-114.0611,64.09,88,88,10.2,
163,Beringovskiy,RU,63.05,179.3167,-3.73,92,18,13.82,
164,San Quintin,MX,30.4833,-115.95,62.92,90,64,12.12,
165,Medicine Hat,CA,50.0501,-110.6683,29.64,57,1,1.01,
166,Morristown,US,36.214,-83.2949,49.23,70,90,0.0,
167,Beaverlodge,CA,55.2166,-119.4361,28.08,51,0,0.6,
168,Lukovetskiy,RU,64.2956,41.9211,33.78,96,100,7.67,
169,Cabo San Lucas,MX,22.8909,-109.9124,79.52,71,1,6.89,
170,Saint-Philippe,RE,-21.3585,55.7679,80.47,76,43,9.91,
171,Dosso,NE,13.049,3.1937,77.18,30,97,4.38,
172,Arrifes,PT,37.7667,-25.7,70.23,94,75,8.05,
173,Carnarvon,AU,-24.8667,113.6333,68.07,50,40,18.41,
174,Garissa,KE,-0.4536,39.6401,80.06,66,84,9.48,
175,Brandon,US,27.9378,-82.2859,67.86,90,1,3.0,
176,Mangrol,IN,21.1167,70.1167,82.74,43,17,6.44,
177,Papetoai,PF,-17.4961,-149.8729,80.19,81,74,10.45,
178,Nalut,LY,30.3333,10.85,67.82,30,0,6.62,
179,Tuktoyaktuk,CA,69.4541,-133.0374,28.4,100,90,12.66,
180,Miles City,US,46.4083,-105.8406,27.52,46,4,6.38,
181,Pacifica,US,37.6138,-122.4869,61.84,93,75,3.0,
182,Ewa Beach,US,21.3156,-158.0072,79.99,72,44,11.01,
183,Kloulklubed,PW,7.0419,134.2556,85.05,73,85,11.27,
184,Henties Bay,NA,-22.116,14.2845,54.86,89,21,10.92,
185,Newton,US,42.337,-71.2092,46.6,73,77,1.01,
186,Margate,GB,51.3813,1.3862,44.31,89,100,1.99,
187,Sandakan,MY,5.8402,118.1179,84.45,71,100,1.12,
188,Moyale,KE,3.5167,39.0584,74.48,52,71,8.03,
189,Husavik,IS,66.0449,-17.3389,30.9,93,100,20.31,
190,Northam,GB,51.0333,-4.2167,45.3,79,97,8.19,
191,Presidencia Roque Saenz Pena,AR,-26.7852,-60.4388,71.6,78,9,6.6,
192,Haines Junction,CA,60.7522,-137.5108,30.38,71,63,1.07,
193,Luang Prabang,LA,19.8856,102.1347,86.16,61,79,1.59,
194,Airai,TL,-8.9266,125.4092,75.9,51,74,3.69,
195,Mlonggo,ID,-6.5333,110.7,87.69,60,25,7.74,
196,Olafsvik,IS,64.8945,-23.7142,33.35,66,76,22.55,
197,Port Shepstone,ZA,-30.7414,30.455,67.14,66,57,21.36,
198,Wattegama,LK,6.7989,81.4808,83.32,62,84,1.77,
199,Khakhea,BW,-24.6895,23.494,64.33,36,0,10.51,
200,Karakol,KG,42.4907,78.3936,40.08,45,16,1.7,
201,Codrington,AU,-38.2667,141.9667,78.93,48,52,11.88,
202,Bagotville,AU,-28.9833,153.4167,65.64,95,78,10.38,
203,Coihaique,CL,-45.5752,-72.0662,46.47,88,38,4.88,
204,Valparaiso,CL,-33.0393,-71.6273,57.47,74,82,7.87,
205,Sambava,MG,-14.2667,50.1667,79.11,75,15,1.43,
206,Hirara,JP,24.8,125.2833,75.9,67,59,18.57,
207,Maragogi,BR,-9.0122,-35.2225,76.82,85,80,10.8,
208,Ostrovnoy,RU,68.0531,39.5131,36.64,97,100,22.28,
209,Buta,CD,2.7858,24.73,68.7,95,99,1.7,
210,Cascais,PT,38.6979,-9.4215,62.51,73,98,1.99,
211,Coquimbo,CL,-29.9533,-71.3436,56.73,89,32,0.4,
212,Matagami,CA,49.7502,-77.6328,30.31,93,90,13.8,
213,Pacific Grove,US,36.6177,-121.9166,61.57,91,90,1.01,
214,Changji,CN,44.0167,87.3167,56.19,35,0,11.18,
215,Bada,RU,51.392,109.8717,38.05,49,19,7.31,
216,Esperance,AU,-33.8667,121.9,61.95,49,81,20.78,
217,Panaba,MX,21.2833,-88.2667,70.48,73,13,6.64,
218,Keti Bandar,PK,24.1447,67.4497,83.25,46,0,7.63,
219,Kaitangata,NZ,-46.2817,169.8464,48.61,67,86,11.83,
220,Channel-Port Aux Basques,CA,47.5702,-59.1367,49.53,76,60,21.07,
221,Zhurivka,UA,50.5028,31.7849,40.98,92,99,7.74,
222,Neiafu,TO,-18.65,-173.9833,79.02,81,39,12.28,
223,Byron Bay,AU,-28.65,153.6167,71.55,59,86,9.95,
224,Consuegra,ES,39.4625,-3.608,48.07,86,92,6.64,
225,Touros,BR,-5.1989,-35.4608,78.64,79,89,12.68,
226,Nouakchott,MR,18.0858,-15.9785,67.93,57,35,10.54,
227,Egvekinot,RU,66.3167,-179.1667,-6.18,89,15,9.69,
228,Warmbad,NA,-28.45,18.7333,51.17,58,0,2.8,
229,Mosquera,CO,4.7059,-74.2302,55.49,94,40,2.3,
230,Victoria,HK,22.2855,114.1577,82.96,71,43,5.99,
231,Katherine,AU,-14.4667,132.2667,98.92,28,0,6.91,
232,Flin Flon,CA,54.7682,-101.865,27.3,79,32,3.91,
233,Torbay,CA,47.6666,-52.7314,52.75,98,90,8.05,
234,Charters Towers,AU,-20.1,146.2667,92.37,29,14,13.11,
235,Moba,CN,33.2288,105.0179,47.32,71,100,3.62,
236,Tarakan,ID,3.3,117.6333,83.7,74,75,8.05,
237,Idar,DE,49.7167,7.3,46.69,92,83,5.84,
238,Ustka,PL,54.5805,16.8619,50.38,94,100,8.75,
239,Sao Filipe,CV,14.8961,-24.4956,78.84,76,84,8.57,
240,Seoul,KR,37.5683,126.9778,61.99,40,10,5.08,
241,Deer Lake,CA,49.1667,-57.4316,49.59,80,68,13.18,
242,Naples,IT,40.8333,14.25,65.01,76,20,7.0,
243,Kissidougou,GN,9.1848,-10.0999,67.01,95,79,3.31,
244,Atasu,KZ,48.6814,71.6433,41.86,69,99,18.61,
245,Hofn,IS,64.2539,-15.2082,36.55,58,38,28.43,
246,Ust-Nera,RU,64.5667,143.2,-4.9,98,82,5.68,
247,Avarua,CK,-21.2078,-159.775,77.05,73,40,12.66,
248,Lebu,CL,-37.6167,-73.65,48.09,89,4,4.32,
249,Bondo,CD,3.8146,23.6866,67.89,96,83,1.23,
250,Lasko,SI,46.1546,15.2356,51.46,93,100,2.08,
251,Rawson,AR,-43.3002,-65.1023,59.29,72,0,23.02,
252,Richards Bay,ZA,-28.783,32.0377,68.47,82,80,21.56,
253,Cayenne,GF,4.9333,-52.3333,81.09,82,20,3.0,
254,Yining,CN,29.0361,114.5636,59.63,91,100,0.81,
255,Yelets,RU,52.6237,38.5017,39.52,95,46,7.45,
256,Viedma,AR,-40.8135,-62.9967,50.54,94,82,12.21,
257,Shahrud,IR,36.4182,54.9763,60.39,41,40,3.13,
258,Iqaluit,CA,63.7506,-68.5145,23.7,68,100,17.0,
259,High Level,CA,58.5169,-117.136,28.13,58,4,4.94,
260,Umuahia,NG,5.5263,7.4896,70.72,97,100,1.39,
261,Kavieng,PG,-2.5744,150.7967,84.4,71,100,8.68,
262,Kjopsvik,NO,68.097,16.3742,51.67,94,100,9.13,
263,Souillac,MU,-20.5167,57.5167,79.36,69,75,16.11,
264,Abu Samrah,SY,35.3029,37.1841,63.66,65,100,2.8,
265,Yendi,GH,9.4427,-0.0099,74.75,70,70,4.23,
266,Lagoa,PT,39.05,-27.9833,69.35,83,94,3.31,
267,Turbat,PK,26.0023,63.044,84.96,7,2,25.39,
268,Nanchang,CN,28.6833,115.8833,63.25,79,100,6.06,
269,Hami,CN,42.8,93.45,52.61,38,77,1.95,
270,Kupang,ID,-10.1667,123.5833,88.18,60,34,7.54,
271,Develi,TR,38.3906,35.4922,43.95,91,100,5.5,
272,Petropavlovsk-Kamchatskiy,RU,53.0452,158.6483,34.39,35,40,11.18,
273,Palmer,US,42.1584,-72.3287,44.42,100,90,0.0,
274,Nanortalik,GL,60.1432,-45.2371,38.55,83,100,14.34,
275,Jalu,LY,29.0331,21.5482,70.52,32,0,8.97,
276,Novopavlovka,RU,51.2172,109.2091,38.79,44,18,6.17,
277,Port Hedland,AU,-20.3167,118.5667,84.25,34,3,17.27,
278,Kalyazin,RU,57.2403,37.8433,35.02,85,47,5.08,
279,Lavrentiya,RU,65.5833,-171.0,19.13,89,100,23.11,
280,Teya,RU,60.3778,92.6267,10.11,77,100,6.33,
281,Sarakhs,IR,36.5449,61.1577,61.29,29,54,11.74,
282,Saldanha,ZA,-33.0117,17.9442,60.37,49,83,3.22,
283,Anadyr,RU,64.75,177.4833,-12.5,84,78,15.66,
284,Acapulco,MX,16.8634,-99.8901,78.13,84,67,3.42,
285,Sur,OM,22.5667,59.5289,84.94,40,2,0.63,
286,Trincomalee,LK,8.5711,81.2335,81.61,78,87,4.92,
287,Marsh Harbour,BS,26.5412,-77.0636,76.59,62,46,10.33,
288,Miramar,US,25.9873,-80.2323,79.0,84,75,0.0,
289,Rajapur,IN,25.3833,81.15,79.09,36,0,3.4,
290,Hofu,JP,34.05,131.5667,69.67,48,100,8.41,
291,Kamina,CD,-8.7386,24.9906,64.71,96,99,3.11,
292,Luba,GQ,3.4568,8.5547,77.05,86,100,2.17,
293,Havoysund,NO,70.9963,24.6622,45.48,80,100,30.22,
294,Noumea,NC,-22.2763,166.4572,73.38,64,88,14.58,
295,Bilma,NE,18.6853,12.9164,73.35,17,43,8.84,
296,Aleksandrov Gay,RU,50.147,48.5704,45.97,65,15,3.09,
297,Hinton,CA,53.4001,-117.5857,29.39,59,0,3.44,
298,Moron,AR,-34.6534,-58.6198,62.29,98,100,4.0,
299,Bathsheba,BB,13.2167,-59.5167,79.41,73,40,13.8,
300,Tete,MZ,-16.1564,33.5867,86.9,52,57,3.78,
301,Basco,PH,20.4487,121.9702,80.82,70,30,18.77,
302,Karratha,AU,-20.7377,116.8463,83.39,35,0,17.98,
303,Yerbogachen,RU,61.2767,108.0108,15.93,68,59,10.69,
304,Arkhangelsk,RU,64.5401,40.5433,33.91,100,90,6.71,
305,Turukhansk,RU,65.8167,87.9833,-8.9,94,94,6.76,
306,Bykovo,RU,55.6361,38.0803,34.41,100,90,2.24,
307,Hit,IQ,33.6416,42.8251,77.13,41,14,1.95,
308,Dewas,IN,22.9667,76.0667,76.19,36,0,8.75,
309,Buala,SB,-8.145,159.5921,83.93,73,95,6.04,
310,Tuatapere,NZ,-46.1333,167.6833,52.83,65,85,9.15,
311,Alice Springs,AU,-23.7,133.8833,78.35,61,40,16.11,
312,Jiangyou,CN,31.7667,104.7167,62.8,69,84,3.8,
313,Hvolsvollur,IS,63.7533,-20.2243,32.81,65,67,16.13,
314,Hualmay,PE,-11.0964,-77.6139,62.91,86,38,9.4,
315,Pekan,MY,3.4836,103.3996,81.99,73,100,7.67,
316,Los Llanos De Aridane,ES,28.6585,-17.9182,65.95,71,0,5.99,
317,Mpulungu,ZM,-8.7623,31.1141,74.03,78,98,1.03,
318,Bandar-E Lengeh,IR,26.5579,54.8807,85.14,54,2,6.96,
319,Kahului,US,20.8947,-156.47,80.62,82,90,3.44,
320,Yenagoa,NG,4.9247,6.2642,73.09,96,100,2.53,
321,Bouca,CF,6.5105,18.2733,69.3,97,100,7.56,
322,Omboue,GA,-1.5746,9.2618,72.95,95,96,3.89,
323,Yamnytsya,UA,48.9897,24.7075,30.7,93,90,2.24,
324,Wanning,CN,18.8003,110.3967,79.97,84,22,8.97,
325,Urmary,RU,55.6789,47.944,37.38,89,100,4.63,
326,Neuquen,AR,-38.9516,-68.0591,62.49,72,0,3.44,
327,Aklavik,CA,68.2191,-135.0107,23.29,91,100,9.4,
328,Makakilo City,US,21.3469,-158.0858,79.12,72,1,5.75,
329,Svelgen,NO,61.7685,5.2955,55.33,84,91,13.04,
330,Barranca,PE,-10.75,-77.7667,62.26,86,58,9.13,
331,Praia Da Vitoria,PT,38.7333,-27.0667,68.76,99,95,5.53,
332,Shelburne,CA,44.0787,-80.2041,38.75,85,23,10.98,
333,Mukhen,RU,48.1,136.1,44.37,36,45,3.18,
334,Alofi,NU,-19.0595,-169.9187,77.68,73,15,18.12,
335,Santiago,CL,-33.4569,-70.6483,63.86,60,100,2.8,
336,Virginia Beach,US,36.8529,-75.978,60.03,75,75,0.0,
337,Asau,RO,46.4333,26.4,45.52,90,0,2.75,
338,Longyearbyen,SJ,78.2186,15.6401,15.64,67,20,14.97,
339,Cockburn Town,TC,21.4612,-71.1419,81.12,73,8,12.3,
340,Pangnirtung,CA,66.1451,-65.7125,16.86,74,87,7.43,
341,Walvis Bay,NA,-22.9575,14.5053,56.08,88,0,10.69,
342,Crixas,BR,-14.5489,-49.9692,69.33,97,100,2.62,
343,Dwarka,IN,22.2394,68.9678,81.93,42,1,3.2,
344,Sagua La Grande,CU,22.8067,-80.0756,67.19,67,90,5.7,
345,Visnes,NO,59.3556,5.2242,51.57,87,75,13.8,
346,Meadow Lake,US,34.8014,-106.5436,56.21,39,29,2.8,
347,Komsomolets,KZ,53.7453,62.0708,25.56,77,99,16.8,
348,Muros,ES,42.7762,-9.0603,60.1,84,91,15.82,
349,Chunhuhub,MX,19.55,-88.6833,68.11,96,12,2.64,
350,Shunyi,CN,40.125,116.6453,49.95,87,90,4.47,
351,Kirkuk,IQ,35.4681,44.3922,76.08,36,36,4.81,
352,Broken Hill,AU,-31.95,141.4333,88.57,20,99,10.94,
353,Tongchuan,CN,35.0806,109.0897,58.5,50,48,1.43,
354,Arrecife,ES,28.963,-13.5477,69.87,88,40,8.05,
355,Bayji,IQ,34.9311,43.487,76.84,35,35,5.46,
356,San Alberto,CO,7.7611,-73.3922,73.74,92,93,1.95,
357,Pangody,RU,65.85,74.4859,0.95,97,76,7.05,
358,Bagn,NO,60.8225,9.5521,46.08,94,100,6.82,
359,Guadalupe,MX,25.6833,-100.25,71.35,84,1,9.22,
360,Esna,EG,25.2934,32.554,75.2,26,0,8.66,
361,Diego De Almagro,CL,-26.3667,-70.05,59.68,41,0,0.4,
362,Harihar,IN,14.5167,75.8,80.51,69,99,14.58,
363,Lungi,SL,9.2212,-12.6831,72.34,97,100,2.42,
364,Sao Joao Da Barra,BR,-21.6403,-41.0511,70.65,95,100,10.11,
365,Hereford,GB,52.0568,-2.7148,43.74,93,16,3.6,
366,Ugoofaaru,MV,5.6667,73.0,80.15,80,90,7.52,
367,Bukit Rambai,MY,2.2594,102.1838,84.81,70,84,9.28,
368,Mandalgovi,MN,45.7625,106.2708,35.55,23,15,12.71,
369,Tahe,CN,52.3333,124.7333,41.76,31,96,6.42,
370,Mahibadhoo,MV,3.7833,72.9667,81.46,79,96,14.43,
371,Sisimiut,GL,66.9395,-53.6735,33.1,94,100,10.85,
372,Alugan,PH,12.2188,125.4808,80.89,87,100,10.89,
373,Pringsewu,ID,-5.3582,104.9744,86.63,67,82,4.21,
374,Mogadishu,SO,2.0371,45.3438,81.1,77,35,15.46,
375,Norman Wells,CA,65.282,-126.8329,19.31,86,6,3.76,
376,Marshall,US,34.3834,-86.3333,52.29,79,1,3.44,
377,Berlevag,NO,70.8578,29.0864,42.13,86,100,36.66,
378,Goba,ET,7.0167,39.9833,49.93,92,98,1.41,
379,Cabedelo,BR,-6.9811,-34.8339,75.87,79,74,10.16,
380,Ulladulla,AU,-35.35,150.4667,75.78,60,5,15.57,
381,Pirgos,GR,35.1167,25.7178,62.94,71,49,7.16,
382,Sorgun,TR,39.8101,35.186,51.91,78,100,3.02,
383,Barrhead,GB,55.7992,-4.3929,45.01,93,75,1.01,
384,Pagudpud,PH,18.5616,120.7868,85.89,59,15,17.4,
385,Santa Fe,AR,-31.6333,-60.7,66.99,95,94,4.0,
386,Artvin,TR,41.1667,41.8333,60.08,74,80,4.07,
387,Luderitz,NA,-26.6481,15.1594,56.21,69,0,13.73,
388,Zhangjiakou,CN,40.81,114.8794,46.4,71,84,1.81,
389,Bandarbeyla,SO,9.4942,50.8122,79.56,67,21,12.88,
390,Portland,US,45.5234,-122.6762,50.7,89,90,1.01,
391,Gulabpura,IN,25.9,74.6667,79.38,31,0,6.06,
392,Koulamoutou,GA,-1.1303,12.4736,69.8,100,100,0.43,
393,Salalah,OM,17.0151,54.0924,80.69,57,0,3.44,
394,Bengkulu,ID,-3.8004,102.2655,80.22,82,93,3.89,
395,Tiksi,RU,71.6872,128.8694,-0.62,97,97,5.68,
396,Syracuse,IT,37.0881,15.2792,66.31,71,99,23.85,
397,Bay Roberts,CA,47.5999,-53.2648,53.51,96,91,5.01,
398,Niquero,CU,20.0431,-77.5828,76.26,89,49,13.87,
399,Te Anau,NZ,-45.4167,167.7167,51.98,54,72,7.76,
400,San Joaquin,US,37.9333,-121.3011,62.38,86,90,3.44,
401,Sioux Lookout,CA,50.1001,-91.917,26.98,86,90,12.66,
402,Jawhar,SO,2.7809,45.5005,83.43,60,18,14.2,
403,Puerto Narino,CO,-3.7703,-70.3831,75.15,95,38,2.24,
404,Aldama,MX,22.9167,-98.0667,77.63,88,6,1.57,
405,Agalatovo,RU,60.2195,30.2739,38.12,86,7,6.55,
406,Itoman,JP,26.1247,127.6694,80.62,51,20,20.71,
407,Chukhloma,RU,58.7525,42.6825,37.87,95,74,5.68,
408,Rio Brilhante,BR,-21.8019,-54.5464,68.31,83,25,4.85,
409,Nuevo Casas Grandes,MX,30.4167,-107.9167,56.75,37,43,3.0,
410,Yulara,AU,-25.2406,130.9889,69.64,88,75,3.44,
411,Raudeberg,NO,61.9875,5.1352,55.0,86,92,8.01,
412,Hay River,CA,60.8156,-115.7999,32.94,52,8,7.49,
413,Laguna,US,38.421,-121.4238,62.06,91,90,4.61,
414,Udachnyy,RU,66.4167,112.4,5.76,95,100,10.25,
415,Mount Isa,AU,-20.7333,139.5,96.57,32,40,9.22,
416,Ixtapa,MX,20.7,-105.2,73.38,93,10,2.68,
417,Padang,ID,-0.9492,100.3543,84.25,73,84,5.32,
418,Hamadan,IR,34.7992,48.5146,59.41,32,90,1.79,
419,Vardo,NO,70.3705,31.1107,41.2,88,100,30.0,
420,Dongkan,CN,33.9997,119.8308,61.79,50,100,2.01,
421,Krasnoselkup,RU,65.7,82.4667,-4.18,96,23,11.9,
422,Mount Gambier,AU,-37.8333,140.7667,84.11,20,75,17.27,
423,Palana,RU,59.1167,159.9667,12.56,88,98,7.31,
424,Komsomolskiy,UZ,40.4272,71.7189,54.32,43,0,0.0,
425,Dhidhdhoo,MV,6.8833,73.1,80.38,79,99,3.96,
426,Qandala,SO,11.472,49.8728,80.2,57,20,5.1,
427,Ainring,DE,47.8167,12.95,43.59,97,75,10.36,
428,Formosa,AR,-26.1775,-58.1781,73.38,78,0,3.44,
429,Kon Tum,VN,14.35,108.0,86.29,48,80,7.31,
430,Shu,KZ,43.5983,73.7614,51.71,45,13,3.83,
431,Lundazi,ZM,-12.2929,33.1782,78.66,43,20,9.04,
432,Krasni Okny,UA,47.5404,29.46,48.38,92,100,4.18,
433,Treinta Y Tres,UY,-33.2333,-54.3833,64.96,94,92,8.77,
434,Solano,US,38.2333,-121.9511,62.11,94,90,5.75,
435,Tonstad,NO,58.6626,6.7169,49.24,96,100,6.13,
436,Cravo Norte,CO,6.3017,-70.2041,74.28,91,29,4.9,
437,Malindi,KE,-3.2175,40.1191,81.57,73,66,8.01,
438,Dali,CN,25.7,100.1833,67.14,40,1,5.82,
439,Benghazi,LY,32.1167,20.0667,72.61,73,10,5.26,
440,Merauke,ID,-8.4667,140.3333,85.39,71,100,14.5,
441,Seremban,MY,2.7297,101.9381,85.51,70,85,4.21,
442,Taoudenni,ML,22.6783,-3.9836,77.59,21,96,10.0,
443,Vryburg,ZA,-26.9566,24.7284,58.3,47,0,11.36,
444,La Ronge,CA,55.1001,-105.2842,28.94,65,99,5.99,
445,Xining,CN,36.6167,101.7667,40.21,53,99,2.08,
446,Port Lincoln,AU,-34.7333,135.8667,70.3,65,100,14.79,
447,Qaqortoq,GL,60.7167,-46.0333,30.7,73,100,5.61,
448,Lompoc,US,34.6391,-120.4579,59.56,89,90,3.44,
449,Huejuquilla El Alto,MX,22.6,-103.8667,60.26,66,66,1.07,
450,Ashcroft,CA,50.7165,-121.2859,39.47,70,100,3.02,
451,Ossora,RU,59.2353,163.0719,7.18,81,13,4.54,
452,Bulgan,MN,48.8125,103.5347,36.73,25,46,11.41,
453,Suhbaatar,MN,50.2314,106.2078,41.74,48,36,11.48,
454,Kavaratti,IN,10.5669,72.642,81.25,77,83,1.79,
455,Mauriti,BR,-7.3892,-38.7744,76.89,66,86,6.4,
456,Durham,US,36.0335,-78.8664,51.62,93,1,0.0,
457,Rumonge,BI,-3.9736,29.4386,73.11,81,97,2.35,
458,Labuhan,ID,-6.8844,112.2051,91.26,54,75,2.55,
459,Gizo,SB,-8.103,156.8419,83.61,74,96,13.11,
460,Yabrud,SY,33.9674,36.6574,55.53,62,100,3.71,
461,Abu Dhabi,AE,24.4667,54.3667,82.51,64,0,5.61,
462,Prince George,CA,53.9166,-122.753,29.62,81,0,1.92,
463,Vitoria,BR,-20.3194,-40.3378,71.46,100,90,4.61,
464,Storforshei,NO,66.4043,14.5233,49.78,62,20,6.91,
465,San Patricio,US,28.017,-97.5169,76.84,72,0,6.6,
466,Anito,PH,12.4497,125.2886,80.69,89,78,9.4,
467,Luoyang,CN,34.6836,112.4536,63.95,55,67,5.08,
468,Faya,SA,18.3851,42.4509,57.72,32,63,3.67,
469,Manzhouli,CN,49.6,117.4333,40.82,57,82,9.64,
470,Ciudad Bolivar,VE,8.1222,-63.5497,76.89,81,27,8.99,
471,Bredy,RU,52.4153,60.3411,32.76,89,99,16.11,
472,Guaruja,BR,-23.9931,-46.2564,75.16,26,56,8.7,
473,Taunggyi,MM,20.7833,97.0333,74.23,65,29,2.46,
474,Half Moon Bay,US,37.4636,-122.4286,61.83,94,90,1.01,
475,Zeya,RU,53.75,127.2667,34.63,43,93,8.14,
476,Ballina,AU,-28.8667,153.5667,65.79,95,79,10.25,
477,Adrar,MR,20.5022,-10.0711,76.89,17,59,9.6,
478,Shieli,KZ,44.1667,66.75,51.31,48,6,4.79,
479,Haigerloch,DE,48.3661,8.8036,44.42,86,46,4.9,
480,Chapleau,CA,47.8405,-83.4034,27.54,81,17,5.19,
481,Bonthe,SL,7.5264,-12.505,76.51,86,100,2.08,
482,Ryotsu,JP,38.0833,138.4333,58.96,59,11,8.21,
483,Floro,NO,61.5996,5.0328,56.1,76,75,23.02,
484,Halifax,CA,44.6453,-63.5724,44.49,79,0,1.01,
485,Puerto Carreno,CO,6.189,-67.4859,75.06,92,98,4.14,
486,Uige,AO,-7.6087,15.0613,66.4,99,100,2.17,
487,Satipo,PE,-11.2522,-74.6386,73.24,75,87,2.75,
488,Sidi Ali,DZ,36.0998,0.4206,66.27,82,35,15.48,
489,Morros,BR,-9.4467,-46.3003,71.83,91,100,3.98,
490,Chapaevsk,RU,52.9813,49.7112,40.21,77,14,1.5,
491,Chivilcoy,AR,-34.8957,-60.0167,58.05,10,99,8.01,
492,Antsohihy,MG,-14.8796,47.9875,83.32,65,4,3.11,
493,Khandbari,NP,27.3747,87.2039,70.09,60,3,4.63,
494,College,US,64.8569,-147.8028,30.58,86,90,0.0,
495,Kattivakkam,IN,13.2167,80.3167,80.69,77,100,7.94,
496,Saint-Paul,RE,-21.0096,55.2707,81.0,78,3,1.99,
497,Surt,LY,31.2089,16.5887,73.18,44,0,12.12,
498,Heilbron,ZA,-27.2812,27.9709,60.04,38,0,6.8,
499,Shimoda,JP,34.6667,138.95,67.1,67,37,3.0,
500,Mantes-La-Jolie,FR,49.0,1.6667,49.32,93,100,8.5,
501,Ahipara,NZ,-35.1667,173.1667,59.92,72,19,18.1,
502,Koshurnikovo,RU,54.1667,93.3,36.0,71,100,13.69,
503,Siparia,TT,10.1333,-61.5,78.08,95,49,5.79,
504,Yeovil,GB,50.9416,-2.6321,44.29,95,66,3.0,
505,Cehu Silvaniei,RO,47.4112,23.1823,30.58,84,7,7.4,
506,San Cristobal,VE,7.7669,-72.225,62.78,96,92,2.77,
507,Luan,CH,46.3592,6.9759,40.57,92,98,3.18,
508,Lubango,AO,-14.9172,13.4925,62.67,37,56,1.54,
509,Zhangye,CN,38.9342,100.4517,51.31,25,3,3.31,
510,Arman,RU,59.7,150.1667,19.02,49,86,2.71,
511,Aquiraz,BR,-3.9014,-38.3911,83.21,75,99,11.48,
512,Erzin,TR,36.9559,36.2,63.12,82,100,5.14,
513,Saint George,US,37.1041,-113.5841,63.36,47,1,1.01,
514,Flinders,AU,-34.5833,150.8552,77.2,54,15,5.01,
515,Fereydunshahr,IR,32.941,50.121,51.69,34,4,1.34,
516,Pucara,PE,-15.9803,-71.4606,37.85,37,83,1.07,
517,Roma,US,43.2128,-75.4557,44.83,82,75,0.0,
518,Vila Franca Do Campo,PT,37.7167,-25.4333,72.19,92,100,4.94,
519,Finnsnes,NO,69.2296,17.9811,48.16,95,100,5.39,
520,Isiro,CD,2.7739,27.616,65.03,99,100,1.52,
521,Dvinskoy,RU,62.1535,45.1175,29.79,84,100,8.39,
522,Arti,RU,56.4234,58.5328,20.3,74,35,12.44,
523,Natal,BR,-5.795,-35.2094,77.65,88,40,8.05,
524,Awbari,LY,26.5921,12.7805,67.48,32,0,5.06,
525,Marawi,PH,7.9986,124.2928,73.65,76,97,4.54,
526,Kashi,CN,39.4547,75.9797,51.49,19,0,1.86,
527,Klyuchi,RU,52.2667,79.1667,28.26,70,100,15.32,
528,Necochea,AR,-38.5473,-58.7368,51.04,93,100,5.59,
529,Nishihara,JP,26.1842,127.7558,79.88,52,40,14.97,
530,Nicoya,CR,10.1483,-85.452,72.95,92,99,1.59,
531,Quatre Cocos,MU,-20.2078,57.7625,78.1,70,22,8.81,
532,Narsaq,GL,60.9167,-46.05,30.42,77,100,2.08,
533,Sobolevo,RU,54.4299,31.8996,34.88,93,0,7.56,
534,Impfondo,CG,1.6381,18.0667,68.61,99,100,1.39,
535,Kalmunai,LK,7.4167,81.8167,85.06,69,54,3.71,
536,Bac Lieu,VN,9.285,105.7244,86.83,64,99,19.3,
537,Perpignan,FR,42.75,2.75,50.65,69,20,6.91,
538,Bardiyah,LY,31.7561,25.0865,67.84,60,73,13.53,
539,Altamira,BR,-3.2033,-52.2064,72.82,96,96,1.83,
540,Kirakira,SB,-10.4544,161.9205,83.82,75,27,8.05,
541,Tamasane,BW,-22.4184,27.4013,79.12,30,0,3.53,
542,Ajdabiya,LY,30.7554,20.2263,70.18,49,3,5.99,
543,Koungou,YT,-12.7336,45.2042,83.91,65,40,9.22,
544,Puerto Escondido,MX,15.85,-97.0667,78.89,82,16,5.88,
545,Istok,XK,42.7808,20.4875,50.16,81,100,2.46,
546,Kandrian,PG,-6.2167,149.55,82.35,76,98,9.15,
547,Dong Hoi,VN,17.4833,106.6,81.37,74,39,6.8,
548,Meulaboh,ID,4.1363,96.1285,85.08,68,92,5.08,
549,Havre-Saint-Pierre,CA,50.2334,-63.5986,43.16,75,24,27.63,
550,Plettenberg Bay,ZA,-34.0527,23.3716,58.35,63,59,9.75,
551,Hervey Bay,AU,-25.2986,152.8535,79.03,59,96,16.8,
552,Cortez,US,37.3489,-108.5859,49.42,75,1,4.61,
553,Nuuk,GL,64.1835,-51.7216,39.81,81,75,2.3,
554,Boende,CD,-0.2167,20.8667,68.81,99,100,0.67,
555,Looc,PH,12.2605,121.9926,85.87,59,72,11.34,
556,Liuhe,CN,42.2401,125.7172,48.45,57,38,3.83,
557,Mumbwa,ZM,-14.9783,27.0619,72.43,51,89,6.49,
558,Rabat,MA,33.9911,-6.8401,67.05,99,75,0.0,
559,Igarka,RU,67.4667,86.5833,-1.28,94,100,12.15,
560,Severo-Kurilsk,RU,50.6789,156.125,37.27,60,89,15.05,
561,Along,IN,28.1667,94.7667,78.57,40,12,1.52,
562,La Primavera,CO,5.4906,-70.4092,73.69,89,28,5.01,
563,Boyolangu,ID,-8.1181,111.8935,83.1,74,59,10.47,
564,Solikamsk,RU,59.6196,56.7729,19.65,69,6,4.25,
565,Caravelas,BR,-17.7125,-39.2481,74.12,93,100,10.67,
566,Vanavara,RU,60.34,102.2797,14.72,59,99,3.91,
567,Bakel,SN,14.905,-12.4568,84.06,25,47,6.06,
568,Villazon,BO,-22.0866,-65.5942,51.13,66,59,9.89,
569,Ovsyanka,RU,55.9575,92.5519,34.77,75,98,19.01,
570,Dodoma,TZ,-6.1722,35.7395,72.5,67,43,9.24,
571,Pierre,US,44.3683,-100.351,31.05,70,1,3.0,
572,Moree,AU,-29.4667,149.85,82.42,28,75,8.05,
573,Arlit,NE,18.7369,7.3853,75.87,22,95,5.99,
574,Taikang,CN,46.8333,124.4167,45.1,29,57,14.25,
575,Verkhnyaya Inta,RU,65.9811,60.3094,4.89,91,21,3.87,
576,Itarema,BR,-2.9248,-39.9167,79.0,81,94,13.33,
577,San Jose,US,37.3394,-121.895,62.15,88,40,1.01,
578,Nahrin,AF,36.0649,69.1334,53.92,38,0,1.72,
579,Ketchikan,US,55.3422,-131.6461,52.27,43,90,5.75,
580,Gat,IL,31.61,34.7642,72.39,76,82,1.36,
581,Mbini,GQ,1.574,9.6134,75.4,87,100,4.43,
582,Barahona,DO,18.2085,-71.1008,76.89,83,17,4.03,
583,Porto Torres,IT,40.835,8.3972,60.98,71,33,14.23,
584,Lata,PT,40.1629,-8.3327,58.05,80,100,1.9,
585,Darhan,MN,49.4867,105.9228,39.88,58,18,10.94,
586,Praia,CV,14.9215,-23.5087,79.34,69,0,11.5,
587,Vallenar,CL,-28.5708,-70.7581,58.86,70,51,1.5,
588,Simpang,ID,-1.2667,104.0833,86.36,69,97,0.81,
589,Loandjili,CG,-4.7561,11.8578,75.65,87,100,1.5,
590,Kharan,PK,28.5833,65.4167,66.58,19,0,3.38,
591,Leningradskiy,RU,69.3833,178.4167,-0.96,81,99,6.91,
592,Spitsevka,RU,45.1231,42.5125,46.81,90,100,13.06,
593,Auki,SB,-8.7676,160.7034,82.45,81,75,5.61,
594,Banswara,IN,23.55,74.45,82.87,27,0,9.75,
595,Cartagena,CO,10.3997,-75.5144,76.62,94,75,6.91,
596,Abonnema,NG,4.7084,6.7931,73.27,94,100,3.18,
597,Bagdarin,RU,54.4333,113.6,34.81,37,43,9.4,
598,Homer,US,59.6425,-151.5483,39.09,87,90,4.61,
599,Puerto Rico,AR,-26.796,-55.024,66.65,88,0,2.82,
600,Broome,US,42.2506,-75.833,43.0,68,90,1.01,
601,Trinidad,BO,-14.8333,-64.9,80.46,61,57,6.46,
602,Saint-Louis,SN,16.3333,-15.0,82.44,19,79,10.2,
603,Saint Joseph,US,39.7686,-94.8466,38.55,95,90,3.44,
604,Bar Harbor,US,44.3876,-68.2039,47.23,52,1,10.0,
605,Ust-Kuyga,RU,70.0167,135.6,-13.16,99,91,6.51,
606,Graaff-Reinet,ZA,-32.2522,24.5308,52.92,63,24,2.77,
607,Zhigansk,RU,66.7697,123.3711,10.08,92,100,8.43,
608,Michigan City,US,41.7075,-86.895,44.58,68,90,8.05,
609,Toppenish,US,46.3774,-120.3087,42.85,75,100,1.25,
610,Isangel,VU,-19.55,169.2667,78.91,57,40,11.5,
611,Loikaw,MM,19.6742,97.2094,79.23,70,35,2.71,
612,Tongliao,CN,43.6125,122.2653,49.46,32,80,14.52,
613,Westport,US,41.1415,-73.3579,52.99,72,1,3.0,
614,Karasburg,NA,-28.0167,18.75,48.29,53,0,3.62,
615,Pyinmana,MM,19.7333,96.2167,84.34,70,68,4.12,
616,Wyndham,US,37.6985,-77.6125,51.48,92,75,0.0,
617,Jijiang,CN,29.2906,106.2542,65.5,91,100,1.36,
618,Kaseda,JP,31.4167,130.3167,71.85,55,0,16.71,
619,Ous,RU,60.9058,61.5186,6.44,86,5,3.58,
620,Kuytun,RU,54.3419,101.5036,35.15,55,100,14.16,
621,Narragansett,US,41.4501,-71.4495,48.81,67,1,0.0,
622,Sladkovo,RU,55.5284,70.3385,13.55,72,4,12.01,
623,Libertador General San Martin,AR,-23.8064,-64.7876,72.97,84,100,0.98,
624,Naryan-Mar,RU,67.6713,53.087,11.98,77,66,15.23,
625,Camana,PE,-16.6228,-72.7111,65.44,83,42,6.73,
626,Sharlyk,RU,52.9167,54.75,40.01,84,54,4.32,
627,Nome,US,64.5011,-165.4064,30.27,93,90,32.21,
628,Inirida,CO,3.8653,-67.9239,72.99,98,85,3.06,
629,Inverell,AU,-29.7833,151.1167,69.15,46,91,2.98,
630,Dongsheng,CN,39.8161,109.9776,48.49,28,0,16.69,
631,Male,MV,4.1748,73.5089,81.21,79,78,12.84,
632,Buenaventura,CO,3.8801,-77.0312,73.67,95,99,0.87,
633,Daokou,CN,35.5639,114.5058,65.41,57,83,13.49,
634,Mitu,CO,1.1983,-70.1733,72.39,96,75,2.75,
635,Barao De Melgaco,BR,-16.1944,-55.9675,79.32,91,100,4.76,
636,Luruaco,CO,10.6092,-75.1431,80.44,88,67,3.96,
637,Shenjiamen,CN,29.9576,122.298,65.1,66,74,10.83,
638,Balabac,PH,7.9868,117.0645,83.97,78,100,17.67,
639,Leh,IN,34.1667,77.5833,25.29,64,92,2.33,
640,Monte Alegre De Minas,BR,-18.8706,-48.8808,68.18,85,10,3.11,
641,Lima,PE,-12.0432,-77.0282,61.14,83,40,8.05,
642,Allahabad,IN,25.45,81.85,79.61,35,0,4.5,
643,Labis,MY,2.385,103.021,84.79,72,98,4.94,
644,Moerai,PF,-22.4333,-151.3333,74.48,75,77,22.75,
645,Jackson,US,42.4165,-122.8345,53.85,94,90,0.0,
646,Kidal,ML,18.4411,1.4078,78.01,18,28,8.57,
647,Izmit,TR,40.7669,29.9169,55.76,94,75,0.0,
648,Atambua,ID,-9.1061,124.8925,87.76,52,55,1.16,
649,Orje,NO,59.4802,11.6602,49.05,93,100,7.29,
650,Rengo,CL,-34.4167,-70.8667,54.43,75,99,0.89,
651,Micoud,LC,13.8167,-60.9,80.53,74,40,16.11,
652,Dukat,RU,62.55,155.55,-7.4,85,29,2.68,
653,Kantang,TH,7.4054,99.5156,88.16,61,88,1.45,
654,Kununurra,AU,-15.7667,128.7333,102.18,27,86,8.05,
655,Nador,MA,35.174,-2.9287,68.25,73,0,5.75,
656,Erenhot,CN,43.6475,111.9767,46.89,28,1,23.73,
657,Almaznyy,RU,48.0448,40.045,50.14,91,93,13.31,
658,Roebourne,AU,-20.7833,117.1333,86.04,29,0,14.45,
659,Spruce Grove,CA,53.5334,-113.9187,30.49,60,0,5.01,
660,Pulaski,US,34.7668,-92.3001,51.33,82,90,8.99,
661,Los Algarrobos,PA,8.5,-82.4333,79.45,91,100,1.7,
662,Comodoro Rivadavia,AR,-45.8667,-67.5,60.66,51,0,4.61,
663,Yar-Sale,RU,66.8333,70.8333,4.41,96,75,8.46,
664,Bilibino,RU,68.0546,166.4372,-11.09,100,100,1.79,
665,Alyangula,AU,-13.8483,136.4192,87.75,64,76,14.97,
666,Tual,ID,-5.6667,132.75,84.27,71,75,7.92,
667,Kentau,KZ,43.5206,68.5094,49.89,45,2,3.13,
668,Wilkie,CA,52.4168,-108.7014,24.24,61,41,8.1,
669,Maiduguri,NG,11.8464,13.1603,76.55,26,66,6.02,
670,Ambilobe,MG,-13.2,49.05,82.76,62,1,5.82,
671,Port Blair,IN,11.6667,92.75,84.61,71,100,9.6,
672,Ranong,TH,9.9658,98.6348,86.49,65,100,1.23,
673,Yambio,SS,4.5721,28.3955,68.31,95,100,5.03,
674,Lamu,KE,-2.2717,40.902,82.62,76,93,9.78,
675,Wollongong,AU,-34.4333,150.8833,77.07,54,17,14.05,
676,Kruisfontein,ZA,-34.0033,24.7314,59.88,72,64,17.78,
677,Saint-Joseph,RE,-21.3667,55.6167,79.47,72,19,3.98,
678,Marzuq,YE,14.4,46.4667,70.57,23,91,3.83,
679,Asahikawa,JP,43.7678,142.3703,49.21,76,75,3.44,
680,Kodino,RU,63.7198,39.6447,39.85,97,100,6.24,
681,Hvide Sande,DK,56.0045,8.1294,46.99,81,57,16.28,
682,Porto Novo,BJ,6.4965,2.6036,78.62,86,77,7.94,
683,Denpasar,ID,-8.65,115.2167,89.26,74,40,3.44,
684,Pavlodar,KZ,52.3,76.95,22.8,86,90,15.66,
685,Zirgan,RU,53.2222,55.9185,38.93,88,99,3.06,
686,Yeppoon,AU,-23.1333,150.7333,74.98,61,71,16.62,
687,Soloneshnoye,RU,51.6544,84.3197,39.22,89,100,12.59,
688,Hangu,CN,39.2489,117.7892,57.24,48,96,9.98,
689,Ciudad Guayana,VE,8.3533,-62.6528,72.72,95,27,3.87,
690,Salani,IN,29.957,79.7127,64.71,51,0,3.33,
691,Tandur,IN,17.2333,77.5833,82.06,55,91,9.28,
692,Chenghai,CN,23.4632,116.768,80.51,54,0,4.47,
693,Baruun-Urt,MN,46.6806,113.2792,43.57,49,52,11.27,
694,Port-Cartier,CA,50.0334,-66.8654,43.02,69,98,17.92,
695,Ulaanbaatar,MN,47.9077,106.8832,35.73,41,0,8.95,
696,Kutum,SD,14.2,24.6667,71.78,30,93,15.75,
697,Batagay-Alyta,RU,67.8006,130.4114,-8.81,87,48,3.53,
698,Phan Thiet,VN,10.9333,108.1,85.39,64,97,7.9,
699,Iquique,CL,-20.2208,-70.1431,60.84,84,12,2.59,
700,Gazojak,TM,41.1875,61.4036,53.46,38,52,9.51,
701,Harper,LR,4.375,-7.7169,76.75,89,27,5.03,
702,Bambari,CF,5.768,20.6757,70.7,93,99,1.74,
703,Sain Alto,MX,23.5833,-103.25,58.91,56,43,5.19,
704,Saint-Pierre,RE,-21.3393,55.4781,80.56,67,0,4.61,
705,Namatanai,PG,-3.6667,152.4333,84.88,70,81,4.12,
706,San Rafael Del Sur,NI,11.8485,-86.4384,75.34,87,96,4.47,
707,Sola,VU,-13.8833,167.55,80.56,76,77,23.91,
708,Pictou,CA,45.6834,-62.7153,49.44,49,0,18.41,
709,Berezniki,RU,59.4152,56.8124,16.84,65,4,4.72,
710,Qaanaaq,GL,77.484,-69.3632,5.59,72,8,8.41,clear sky
711,Nizhnevartovsk,RU,60.9344,76.5531,1.42,78,0,6.71,clear sky
712,Vao,NC,-22.6667,167.4833,69.24,58,71,18.66,broken clouds
713,Moussoro,TD,13.6408,16.4901,85.33,19,89,13.31,overcast clouds
714,Port Alfred,ZA,-33.5906,26.891,64.08,64,53,24.38,broken clouds
715,Ponta Do Sol,PT,32.6667,-17.1,69.71,72,85,2.86,overcast clouds
716,Mataura,NZ,-46.1927,168.8643,52.48,81,97,4.7,overcast clouds
717,Yellowknife,CA,62.456,-114.3525,30.42,99,1,5.75,clear sky
718,Rikitea,PF,-23.1203,-134.9692,72.37,77,76,13.91,broken clouds
719,Paamiut,GL,61.994,-49.6678,40.17,62,100,26.31,overcast clouds
720,Goderich,CA,43.7501,-81.7165,45.91,49,99,17.27,overcast clouds
721,Hilo,US,19.7297,-155.09,74.93,79,40,0.0,scattered clouds
722,Provideniya,RU,64.3833,-173.3,23.11,80,90,24.61,snow
723,Masuguru,TZ,-11.3667,38.4167,84.42,54,22,7.47,few clouds
724,Nikolskoye,RU,59.7035,30.7861,39.87,86,3,7.07,clear sky
725,Poum,NC,-20.2333,164.0167,74.17,65,74,17.58,broken clouds
726,Hermanus,ZA,-34.4187,19.2345,56.89,61,76,8.08,broken clouds
727,Mulege,MX,26.8833,-111.9833,70.63,68,23,3.09,few clouds
728,Ca Mau,VN,9.1769,105.15,90.12,53,99,14.25,overcast clouds
729,Bambous Virieux,MU,-20.3428,57.7575,79.21,69,75,16.11,broken clouds
730,Trelleborg,SE,55.3751,13.1569,50.74,80,100,10.8,overcast clouds
731,Mukhtolovo,RU,55.4644,43.1953,38.08,77,13,3.11,few clouds
732,Noyabrsk,RU,63.1994,75.4507,5.07,93,96,9.19,overcast clouds
733,Ahvaz,IR,31.3203,48.6693,78.75,38,0,2.3,clear sky
734,Venice,US,27.0998,-82.4543,66.97,87,1,5.99,clear sky
735,Port-Gentil,GA,-0.7193,8.7815,76.96,94,40,2.3,scattered clouds
736,Kodiak,US,57.79,-152.4072,34.77,72,78,11.43,broken clouds
737,Ende,ID,-8.8432,121.6623,86.49,70,70,4.83,broken clouds
738,Punta Arenas,CL,-53.15,-70.9167,46.51,87,0,4.61,clear sky
739,Sault Sainte Marie,CA,46.5168,-84.3333,37.22,83,90,3.44,overcast clouds
740,Mar Del Plata,AR,-38.0023,-57.5575,58.08,94,90,3.0,light rain
741,Kihei,US,20.785,-156.4656,80.62,83,90,3.44,overcast clouds
742,Cape Town,ZA,-33.9258,18.4232,59.11,78,0,6.91,clear sky
743,Mahebourg,MU,-20.4081,57.7,79.25,69,75,16.11,broken clouds
744,Nakanojo,JP,36.5833,138.85,69.57,55,90,1.01,overcast clouds
745,Coolum Beach,AU,-26.5333,153.1,74.1,70,64,1.99,broken clouds
746,Samarai,PG,-10.6167,150.6667,83.12,72,60,14.41,broken clouds
747,Galesong,ID,-5.3166,119.3661,89.62,63,57,9.71,broken clouds
748,Saskylakh,RU,71.9167,114.0833,-16.44,100,98,3.56,overcast clouds
749,Albany,US,42.6001,-73.9662,41.72,82,100,5.53,overcast clouds
750,Pimentel,PE,-6.8367,-79.9342,62.24,89,29,11.79,scattered clouds
751,Ribeira Grande,PT,38.5167,-28.7,70.52,86,100,12.53,overcast clouds
752,Champerico,GT,14.3,-91.9167,80.04,81,26,3.4,scattered clouds
753,Barrow,US,71.2906,-156.7887,8.62,85,90,8.05,mist
754,Georgetown,MY,5.4112,100.3354,85.98,74,20,1.01,few clouds
755,Fortuna,US,40.5982,-124.1573,56.43,70,90,3.0,overcast clouds
756,Aktash,RU,50.3,87.7333,23.99,58,100,5.37,overcast clouds
757,Faanui,PF,-16.4833,-151.75,79.86,80,55,15.5,light rain
758,Mabaruma,GY,8.2,-59.7833,71.38,94,33,0.83,scattered clouds
759,Tautira,PF,-17.7333,-149.15,80.62,82,69,7.72,light rain
760,Arraial Do Cabo,BR,-22.9661,-42.0278,69.55,90,90,15.05,overcast clouds
761,Amga,RU,60.8953,131.9608,26.33,83,98,7.05,overcast clouds
762,Jamestown,US,42.097,-79.2353,42.12,92,90,11.99,light rain
763,Kendari,ID,-3.945,122.4989,86.88,67,100,4.34,light rain
764,Constitucion,CL,-35.3333,-72.4167,50.92,71,8,6.04,clear sky
765,Atuona,PF,-9.8,-139.0333,78.13,75,44,11.14,light rain
766,Hede,CN,33.7681,120.2517,62.28,50,100,5.41,light rain
767,Butaritari,KI,3.0707,172.7902,81.93,72,16,12.84,few clouds
768,Busselton,AU,-33.65,115.3333,64.09,66,56,16.37,broken clouds
769,Kemin,KG,42.7846,75.6892,53.64,27,8,0.49,clear sky
770,Peterhead,GB,57.5058,-1.7981,46.11,85,100,13.11,overcast clouds
771,Vestmannaeyjar,IS,63.4427,-20.2734,36.32,65,73,28.41,broken clouds
772,Hithadhoo,MV,-0.6,73.0833,83.44,73,69,16.42,broken clouds
773,Kapaa,US,22.0752,-159.319,78.78,84,90,3.44,overcast clouds
774,Beloha,MG,-25.1667,45.05,82.18,47,0,8.39,clear sky
775,Kaeo,NZ,-35.1,173.7833,62.33,71,34,11.7,scattered clouds
776,Cherskiy,RU,68.75,161.3,-6.63,93,100,10.29,overcast clouds
777,Chokurdakh,RU,70.6333,147.9167,-1.95,97,77,9.82,broken clouds
778,Tambura,SS,5.6,27.4667,74.1,80,95,5.17,overcast clouds
779,Cidreira,BR,-30.1811,-50.2056,68.23,93,87,15.39,overcast clouds
780,Grindavik,IS,63.8424,-22.4338,32.47,74,75,24.16,broken clouds
781,Ushuaia,AR,-54.8,-68.3,44.26,81,0,9.22,clear sky
782,Vaini,TO,-21.2,-175.2,77.16,94,75,8.05,broken clouds
783,Hobart,AU,-42.8794,147.3294,79.02,40,40,4.0,scattered clouds
784,Hasaki,JP,35.7333,140.8333,70.09,77,91,14.63,overcast clouds
785,Gimli,CA,50.6336,-96.9907,30.43,80,34,5.75,scattered clouds
786,Hobyo,SO,5.3505,48.5268,83.03,64,54,11.01,broken clouds
787,Luanda,AO,-8.8368,13.2343,75.2,83,75,3.44,broken clouds
788,Bud,US,39.447,-86.1758,41.43,82,91,6.17,overcast clouds
789,Alta Floresta,BR,-9.8756,-56.0861,70.3,95,93,2.71,overcast clouds
790,Dudinka,RU,69.4058,86.1778,-1.52,95,100,13.06,overcast clouds
791,Bluff,NZ,-46.6,168.3333,52.81,55,84,13.47,broken clouds
792,Pevek,RU,69.7008,170.3133,3.78,95,100,10.67,light snow
793,Mason City,US,43.1536,-93.201,35.37,72,90,9.22,overcast clouds
794,Sitka,US,57.0531,-135.33,57.09,28,20,16.11,few clouds
795,Ouadda,CF,8.0777,22.4007,71.46,88,81,4.25,broken clouds
796,Port Elizabeth,ZA,-33.918,25.5701,63.1,67,0,19.57,light rain
797,Lieksa,FI,63.3167,30.0167,40.96,87,93,11.83,overcast clouds
798,Tasiilaq,GL,65.6145,-37.6368,24.96,65,100,4.56,overcast clouds
799,Lorengau,PG,-2.0226,147.2712,85.14,66,100,7.29,overcast clouds
800,Dikson,RU,73.5069,80.5464,4.66,93,11,5.93,few clouds
801,Kudahuvadhoo,MV,2.6708,72.8944,82.58,76,75,16.8,broken clouds
802,Rzhaksa,RU,52.1338,42.0264,42.76,79,17,7.63,few clouds
803,Avera,US,33.194,-82.5271,53.71,64,23,1.86,few clouds
804,Chapais,CA,49.7834,-74.8492,29.98,86,100,15.61,overcast clouds
805,Lingao,CN,19.9103,109.6859,78.37,85,40,14.38,scattered clouds
806,Puerto Ayora,EC,-0.7393,-90.3518,67.91,92,53,4.59,broken clouds
807,Hamilton,US,39.1834,-84.5333,46.15,72,90,1.99,overcast clouds
808,Talnakh,RU,69.4865,88.3972,0.43,93,100,10.76,overcast clouds
809,Moose Factory,CA,51.2585,-80.6094,32.0,86,90,18.41,light snow
810,Chuy,UY,-33.6971,-53.4616,63.99,95,98,8.84,overcast clouds
811,Blythe,US,33.6103,-114.5964,71.04,32,97,5.46,overcast clouds
812,Orapa,BW,-21.2833,25.3667,84.69,20,0,12.66,clear sky
813,Ahuimanu,US,21.4447,-157.8378,80.31,71,75,6.91,broken clouds
814,Gamba,GA,-2.65,10.0,73.9,93,98,4.76,overcast clouds
815,Thompson,CA,55.7435,-97.8558,26.76,93,75,3.44,light shower snow
816,Ithaca,US,42.4406,-76.4966,44.62,85,90,0.0,overcast clouds
817,Lasa,IT,46.6166,10.7002,43.68,94,100,6.04,overcast clouds
818,Tecoanapa,MX,16.5167,-98.75,77.13,85,37,4.74,scattered clouds
819,Mantua,IT,45.1667,10.7833,50.27,91,51,5.01,broken clouds
820,Palora,EC,-1.7,-77.9333,63.82,97,76,3.09,light rain
821,Kysyl-Syr,RU,63.8986,122.7617,25.84,96,100,4.38,light snow
822,The Valley,AI,18.217,-63.0578,81.1,70,3,11.92,clear sky
823,Vanimo,PG,-2.6741,141.3028,84.74,68,57,5.79,broken clouds
824,Pisco,PE,-13.7,-76.2167,62.65,88,75,5.75,broken clouds
825,Bowen,AU,-20.0167,148.2333,84.42,60,18,21.43,few clouds
826,Imbituba,BR,-28.24,-48.6703,70.83,96,66,4.99,broken clouds
827,Colares,PT,38.7992,-9.4469,62.33,76,98,1.99,overcast clouds
828,Sitio Novo Do Tocantins,BR,-5.5183,-47.4611,78.73,94,75,0.0,light rain
829,Ilulissat,GL,69.2167,-51.1,30.22,93,20,6.91,light shower snow
830,Preobrazheniye,RU,42.9019,133.9064,48.33,69,77,3.0,broken clouds
831,Khatanga,RU,71.9667,102.5,0.84,98,100,2.82,overcast clouds
832,Pau,FR,43.4167,-0.5833,56.44,87,90,2.3,overcast clouds
833,Worland,US,44.0169,-107.9554,37.67,79,90,3.44,overcast clouds
834,Bethel,US,41.3712,-73.414,48.81,78,1,0.0,clear sky
835,Juneau,US,58.3019,-134.4197,45.1,87,20,0.0,fog
836,Athabasca,CA,54.7169,-113.2854,28.22,52,4,7.18,clear sky
837,Tilichiki,RU,60.4667,166.1,-6.56,93,10,8.43,clear sky
838,El Alto,PE,-4.2714,-81.2147,64.74,71,19,9.15,few clouds
839,Araouane,ML,18.9048,-3.5265,76.71,22,17,7.94,few clouds
840,Uribia,CO,11.7139,-72.266,78.22,78,100,6.87,overcast clouds
841,Kollegal,IN,12.15,77.1167,78.19,75,98,8.46,overcast clouds
842,Srednekolymsk,RU,67.45,153.6833,-1.62,89,100,10.07,overcast clouds
843,Dingle,PH,10.9995,122.6711,82.87,80,92,11.45,overcast clouds
844,Upernavik,GL,72.7868,-56.1549,22.3,93,100,11.23,overcast clouds
845,Linxia,CN,35.6003,103.2064,45.14,48,100,3.85,overcast clouds
846,Klaksvik,FO,62.2266,-6.589,43.72,83,99,23.87,overcast clouds
847,East London,ZA,-33.0153,27.9116,65.34,45,0,18.41,clear sky
848,Deputatskiy,RU,69.3,139.9,-11.85,90,82,4.43,broken clouds
849,Burgeo,CA,47.6167,-57.6152,49.33,86,69,14.27,broken clouds
850,Castro,BR,-24.7911,-50.0119,58.32,95,86,6.17,overcast clouds
851,Lawton,US,34.6087,-98.3903,51.33,81,90,10.36,haze
852,Aykhal,RU,66.0,111.5,5.9,95,100,8.3,light snow
853,Bredasdorp,ZA,-34.5322,20.0403,56.28,82,77,5.75,broken clouds
854,Nouadhibou,MR,20.931,-17.0347,66.18,82,82,10.36,broken clouds
855,Vostok,RU,46.4856,135.8833,41.14,46,5,3.74,clear sky
856,Shakawe,BW,-18.3667,21.85,82.8,11,3,1.59,clear sky
857,Ayagoz,KZ,47.9714,80.4392,42.84,71,100,24.87,overcast clouds
858,Boa Vista,BR,2.8197,-60.6733,82.38,69,20,4.61,few clouds
859,Clyde River,CA,70.4692,-68.5914,17.44,93,100,8.55,light snow
860,New Norfolk,AU,-42.7826,147.0587,78.66,35,63,3.0,broken clouds
861,Escarcega,MX,18.6089,-90.7454,66.88,92,12,2.66,few clouds
862,Mistelbach,AT,48.57,16.5767,47.5,90,100,1.99,light rain
863,Atbasar,KZ,51.8,68.3333,28.0,87,100,19.1,light snow
864,Birao,CF,10.2849,22.7882,77.56,66,60,1.9,broken clouds
865,Emba,KZ,48.8264,58.1442,46.89,42,1,7.2,clear sky
866,Geraldton,AU,-28.7667,114.6,70.12,42,90,13.8,overcast clouds
867,Ponnani,IN,10.767,75.9252,88.92,72,100,7.43,overcast clouds
868,Roi Et,TH,15.75,103.75,87.85,67,81,8.86,broken clouds
869,Dunedin,NZ,-45.8742,170.5036,50.81,68,73,11.01,broken clouds
870,Ancud,CL,-41.8697,-73.8203,51.33,90,98,15.93,overcast clouds
871,Katsuura,JP,35.1333,140.3,71.64,69,46,8.7,scattered clouds
872,Guerrero Negro,MX,27.9769,-114.0611,64.02,89,89,10.71,overcast clouds
873,Beringovskiy,RU,63.05,179.3167,-4.11,92,18,13.15,few clouds
874,San Quintin,MX,30.4833,-115.95,62.78,91,70,12.03,broken clouds
875,Medicine Hat,CA,50.0501,-110.6683,29.64,66,1,6.91,clear sky
876,Morristown,US,36.214,-83.2949,49.23,72,90,0.0,overcast clouds
877,Beaverlodge,CA,55.2166,-119.4361,18.75,51,0,0.69,clear sky
878,Lukovetskiy,RU,64.2956,41.9211,33.78,96,100,7.72,overcast clouds
879,Cabo San Lucas,MX,22.8909,-109.9124,79.52,72,1,1.01,clear sky
880,Saint-Philippe,RE,-21.3585,55.7679,81.48,74,43,9.17,scattered clouds
881,Dosso,NE,13.049,3.1937,76.78,34,96,3.09,overcast clouds
882,Arrifes,PT,37.7667,-25.7,70.23,94,75,4.61,broken clouds
883,Carnarvon,AU,-24.8667,113.6333,73.47,38,46,23.02,scattered clouds
884,Garissa,KE,-0.4536,39.6401,83.03,58,86,8.52,overcast clouds
885,Brandon,US,27.9378,-82.2859,67.86,91,1,1.01,clear sky
886,Mangrol,IN,21.1167,70.1167,84.88,40,15,4.0,few clouds
887,Papetoai,PF,-17.4961,-149.8729,80.19,81,79,9.75,light rain
888,Nalut,LY,30.3333,10.85,68.09,29,0,6.58,clear sky
889,Tuktoyaktuk,CA,69.4541,-133.0374,28.4,100,90,10.36,overcast clouds
890,Miles City,US,46.4083,-105.8406,27.52,74,1,5.75,clear sky
891,Pacifica,US,37.6138,-122.4869,61.72,93,75,1.99,mist
892,Ewa Beach,US,21.3156,-158.0072,80.55,70,75,5.99,broken clouds
893,Kloulklubed,PW,7.0419,134.2556,88.3,74,87,11.86,overcast clouds
894,Henties Bay,NA,-22.116,14.2845,55.85,84,29,10.38,scattered clouds
895,Newton,US,42.337,-71.2092,46.6,74,1,1.01,clear sky
896,Margate,GB,51.3813,1.3862,44.31,90,100,1.99,overcast clouds
897,Sandakan,MY,5.8402,118.1179,85.68,79,40,7.0,scattered clouds
898,Moyale,KE,3.5167,39.0584,77.56,49,76,11.43,broken clouds
899,Husavik,IS,66.0449,-17.3389,30.11,91,100,20.29,light snow
900,Northam,GB,51.0333,-4.2167,45.3,81,97,7.83,overcast clouds
901,Presidencia Roque Saenz Pena,AR,-26.7852,-60.4388,70.72,80,18,6.04,few clouds
902,Haines Junction,CA,60.7522,-137.5108,24.75,80,64,1.14,broken clouds
903,Luang Prabang,LA,19.8856,102.1347,80.56,74,75,6.91,broken clouds
904,Airai,TL,-8.9266,125.4092,74.1,57,79,3.38,broken clouds
905,Mlonggo,ID,-6.5333,110.7,87.69,62,26,8.59,scattered clouds
906,Olafsvik,IS,64.8945,-23.7142,33.04,64,79,20.69,broken clouds
907,Port Shepstone,ZA,-30.7414,30.455,68.56,64,49,21.77,scattered clouds
908,Wattegama,LK,6.7989,81.4808,86.92,59,86,1.83,overcast clouds
909,Khakhea,BW,-24.6895,23.494,67.96,30,0,11.32,clear sky
910,Karakol,KG,42.4907,78.3936,41.36,48,15,2.68,few clouds
911,Codrington,AU,-38.2667,141.9667,77.22,53,60,12.24,broken clouds
912,Bagotville,AU,-28.9833,153.4167,67.82,92,72,10.18,broken clouds
913,Coihaique,CL,-45.5752,-72.0662,49.95,66,90,3.44,overcast clouds
914,Valparaiso,CL,-33.0393,-71.6273,57.47,82,20,0.0,few clouds
915,Sambava,MG,-14.2667,50.1667,80.76,72,16,3.98,few clouds
916,Hirara,JP,24.8,125.2833,79.07,69,75,13.8,broken clouds
917,Maragogi,BR,-9.0122,-35.2225,76.93,83,79,10.22,broken clouds
918,Ostrovnoy,RU,68.0531,39.5131,37.08,97,100,21.9,overcast clouds
919,Buta,CD,2.7858,24.73,72.28,86,99,2.44,overcast clouds
920,Cascais,PT,38.6979,-9.4215,62.51,73,99,1.99,overcast clouds
921,Coquimbo,CL,-29.9533,-71.3436,55.13,82,75,2.3,broken clouds
922,Matagami,CA,49.7502,-77.6328,30.31,93,90,13.8,light snow
923,Pacific Grove,US,36.6177,-121.9166,61.57,92,75,1.99,mist
924,Changji,CN,44.0167,87.3167,57.99,30,0,13.42,clear sky
925,Bada,RU,51.392,109.8717,38.62,46,18,7.4,few clouds
926,Esperance,AU,-33.8667,121.9,64.24,48,84,19.62,broken clouds
927,Panaba,MX,21.2833,-88.2667,70.0,74,15,6.49,few clouds
928,Keti Bandar,PK,24.1447,67.4497,85.24,40,0,7.63,clear sky
929,Kaitangata,NZ,-46.2817,169.8464,49.19,61,88,10.29,overcast clouds
930,Channel-Port Aux Basques,CA,47.5702,-59.1367,49.17,76,50,19.51,scattered clouds
931,Zhurivka,UA,50.5028,31.7849,42.78,93,99,7.07,light rain
932,Neiafu,TO,-18.65,-173.9833,78.71,83,34,12.41,scattered clouds
933,Byron Bay,AU,-28.65,153.6167,69.87,62,80,9.95,broken clouds
934,Consuegra,ES,39.4625,-3.608,48.02,87,93,6.2,overcast clouds
935,Touros,BR,-5.1989,-35.4608,77.9,80,90,12.01,overcast clouds
936,Nouakchott,MR,18.0858,-15.9785,67.93,55,31,10.6,scattered clouds
937,Egvekinot,RU,66.3167,-179.1667,-6.32,88,14,10.04,few clouds
938,Warmbad,NA,-28.45,18.7333,53.46,49,0,3.33,clear sky
939,Mosquera,CO,4.7059,-74.2302,55.49,94,40,2.3,scattered clouds
940,Victoria,HK,22.2855,114.1577,82.45,71,49,3.0,scattered clouds
941,Katherine,AU,-14.4667,132.2667,100.72,25,0,5.75,clear sky
942,Flin Flon,CA,54.7682,-101.865,27.68,77,43,3.98,scattered clouds
943,Torbay,CA,47.6666,-52.7314,52.75,98,90,11.5,mist
944,Charters Towers,AU,-20.1,146.2667,91.53,30,19,13.44,few clouds
945,Moba,CN,33.2288,105.0179,48.11,69,100,3.96,overcast clouds
946,Tarakan,ID,3.3,117.6333,83.77,66,33,6.31,scattered clouds
947,Idar,DE,49.7167,7.3,46.69,90,86,4.47,overcast clouds
948,Ustka,PL,54.5805,16.8619,50.4,91,100,8.52,overcast clouds
949,Sao Filipe,CV,14.8961,-24.4956,78.44,77,83,10.18,broken clouds
950,Seoul,KR,37.5683,126.9778,63.79,46,40,4.61,scattered clouds
951,Deer Lake,CA,49.1667,-57.4316,46.26,93,75,9.22,broken clouds
952,Naples,IT,40.8333,14.25,65.01,73,20,5.99,few clouds
953,Kissidougou,GN,9.1848,-10.0999,66.81,96,81,3.44,broken clouds
954,Atasu,KZ,48.6814,71.6433,43.79,64,99,18.66,overcast clouds
955,Hofn,IS,64.2539,-15.2082,36.12,57,35,25.79,scattered clouds
956,Ust-Nera,RU,64.5667,143.2,-9.0,99,78,5.53,broken clouds
957,Avarua,CK,-21.2078,-159.775,75.25,78,40,11.5,scattered clouds
958,Lebu,CL,-37.6167,-73.65,47.73,89,5,4.14,clear sky
959,Bondo,CD,3.8146,23.6866,73.0,83,76,2.59,broken clouds
960,Lasko,SI,46.1546,15.2356,51.46,94,100,2.19,overcast clouds
961,Rawson,AR,-43.3002,-65.1023,57.07,74,44,27.72,scattered clouds
962,Richards Bay,ZA,-28.783,32.0377,68.85,79,84,21.88,light rain
963,Cayenne,GF,4.9333,-52.3333,81.09,82,48,3.0,scattered clouds
964,Yining,CN,29.0361,114.5636,59.49,92,100,1.68,overcast clouds
965,Yelets,RU,52.6237,38.5017,41.83,90,38,8.48,scattered clouds
966,Viedma,AR,-40.8135,-62.9967,50.49,95,78,12.1,broken clouds
967,Shahrud,IR,36.4182,54.9763,62.47,39,48,4.12,scattered clouds
968,Iqaluit,CA,63.7506,-68.5145,22.73,73,90,18.01,overcast clouds
969,High Level,CA,58.5169,-117.136,21.31,93,1,0.0,clear sky
970,Umuahia,NG,5.5263,7.4896,70.92,97,100,2.37,overcast clouds
971,Kavieng,PG,-2.5744,150.7967,84.47,70,100,8.5,light rain
972,Kjopsvik,NO,68.097,16.3742,51.67,94,97,8.79,overcast clouds
973,Souillac,MU,-20.5167,57.5167,78.37,69,75,16.11,broken clouds
974,Abu Samrah,SY,35.3029,37.1841,63.25,67,100,4.74,overcast clouds
975,Yendi,GH,9.4427,-0.0099,74.28,72,75,4.09,broken clouds
976,Lagoa,PT,39.05,-27.9833,69.26,84,94,4.88,overcast clouds
977,Turbat,PK,26.0023,63.044,87.78,6,2,23.33,clear sky
978,Nanchang,CN,28.6833,115.8833,63.03,79,100,7.25,overcast clouds
979,Hami,CN,42.8,93.45,53.73,36,66,2.71,broken clouds
980,Kupang,ID,-10.1667,123.5833,90.18,62,40,6.91,scattered clouds
981,Develi,TR,38.3906,35.4922,45.75,85,100,6.82,overcast clouds
982,Petropavlovsk-Kamchatskiy,RU,53.0452,158.6483,32.59,37,40,8.95,scattered clouds
983,Palmer,US,42.1584,-72.3287,44.42,90,90,0.0,overcast clouds
984,Nanortalik,GL,60.1432,-45.2371,38.32,86,100,14.23,overcast clouds
985,Jalu,LY,29.0331,21.5482,72.77,29,0,8.37,clear sky
986,Novopavlovka,RU,51.2172,109.2091,39.6,41,17,6.29,few clouds
987,Port Hedland,AU,-20.3167,118.5667,84.25,34,2,17.27,clear sky
988,Kalyazin,RU,57.2403,37.8433,36.48,82,42,5.19,scattered clouds
989,Lavrentiya,RU,65.5833,-171.0,18.61,92,100,23.76,snow
990,Teya,RU,60.3778,92.6267,10.62,75,100,6.67,overcast clouds
991,Sarakhs,IR,36.5449,61.1577,65.12,24,60,12.03,broken clouds
992,Saldanha,ZA,-33.0117,17.9442,55.45,49,85,2.8,overcast clouds
993,Anadyr,RU,64.75,177.4833,-12.5,84,77,15.66,fog
994,Acapulco,MX,16.8634,-99.8901,77.76,84,59,3.51,broken clouds
995,Sur,OM,22.5667,59.5289,86.52,35,2,1.86,clear sky
996,Trincomalee,LK,8.5711,81.2335,82.31,76,89,6.22,overcast clouds
997,Marsh Harbour,BS,26.5412,-77.0636,76.5,62,50,9.91,scattered clouds
998,Miramar,US,25.9873,-80.2323,78.82,86,75,0.0,broken clouds
999,Rajapur,IN,25.3833,81.15,81.32,33,0,2.37,clear sky
1000,Hofu,JP,34.05,131.5667,69.71,49,100,10.11,overcast clouds
1001,Kamina,CD,-8.7386,24.9906,67.77,87,99,6.04,overcast clouds
1002,Luba,GQ,3.4568,8.5547,73.29,85,100,2.64,light rain
1003,Havoysund,NO,70.9963,24.6622,45.48,84,100,33.91,overcast clouds
1004,Noumea,NC,-22.2763,166.4572,73.38,66,87,15.08,overcast clouds
1005,Bilma,NE,18.6853,12.9164,74.1,16,44,8.25,scattered clouds
1006,Aleksandrov Gay,RU,50.147,48.5704,49.12,58,13,2.19,few clouds
1007,Hinton,CA,53.4001,-117.5857,15.84,59,0,3.47,clear sky
1008,Moron,AR,-34.6534,-58.6198,62.29,98,100,1.99,overcast clouds
1009,Bathsheba,BB,13.2167,-59.5167,79.41,73,40,13.8,scattered clouds
1010,Tete,MZ,-16.1564,33.5867,92.59,42,48,3.22,scattered clouds
1011,Basco,PH,20.4487,121.9702,80.73,71,27,19.42,scattered clouds
1012,Karratha,AU,-20.7377,116.8463,82.45,39,0,21.97,clear sky
1013,Yerbogachen,RU,61.2767,108.0108,16.09,69,65,9.75,broken clouds
1014,Arkhangelsk,RU,64.5401,40.5433,33.91,100,90,4.47,fog
1015,Turukhansk,RU,65.8167,87.9833,-7.26,92,95,7.09,overcast clouds
1016,Bykovo,RU,55.6361,38.0803,34.41,100,90,2.24,fog
1017,Hit,IQ,33.6416,42.8251,80.02,37,28,2.08,scattered clouds
1018,Dewas,IN,22.9667,76.0667,80.78,32,0,8.93,clear sky
1019,Buala,SB,-8.145,159.5921,83.37,75,95,6.42,light rain
1020,Tuatapere,NZ,-46.1333,167.6833,53.82,69,86,7.54,overcast clouds
1021,Alice Springs,AU,-23.7,133.8833,78.35,61,40,16.11,scattered clouds
1022,Jiangyou,CN,31.7667,104.7167,62.85,68,87,4.59,overcast clouds
1023,Hvolsvollur,IS,63.7533,-20.2243,32.81,64,71,15.82,broken clouds
1024,Hualmay,PE,-11.0964,-77.6139,63.1,85,40,9.46,scattered clouds
1025,Pekan,MY,3.4836,103.3996,82.51,74,100,7.74,moderate rain
1026,Los Llanos De Aridane,ES,28.6585,-17.9182,65.95,75,0,4.0,clear sky
1027,Mpulungu,ZM,-8.7623,31.1141,75.2,75,98,0.81,light rain
1028,Bandar-E Lengeh,IR,26.5579,54.8807,86.02,53,2,7.34,clear sky
1029,Kahului,US,20.8947,-156.47,80.62,82,90,3.44,light rain
1030,Yenagoa,NG,4.9247,6.2642,73.49,96,100,1.59,overcast clouds
1031,Bouca,CF,6.5105,18.2733,69.35,96,100,5.61,overcast clouds
1032,Omboue,GA,-1.5746,9.2618,73.36,94,96,3.44,overcast clouds
1033,Yamnytsya,UA,48.9897,24.7075,30.7,100,90,0.0,fog
1034,Wanning,CN,18.8003,110.3967,79.83,84,24,9.37,few clouds
1035,Urmary,RU,55.6789,47.944,37.38,86,100,5.59,overcast clouds
1036,Neuquen,AR,-38.9516,-68.0591,62.49,72,0,3.44,clear sky
1037,Aklavik,CA,68.2191,-135.0107,22.03,90,100,11.83,overcast clouds
1038,Makakilo City,US,21.3469,-158.0858,79.12,72,1,5.75,clear sky
1039,Svelgen,NO,61.7685,5.2955,53.53,86,93,11.72,overcast clouds
1040,Barranca,PE,-10.75,-77.7667,62.19,86,58,8.25,broken clouds
1041,Praia Da Vitoria,PT,38.7333,-27.0667,68.76,94,75,4.83,broken clouds
1042,Shelburne,CA,44.0787,-80.2041,39.18,86,21,10.09,few clouds
1043,Mukhen,RU,48.1,136.1,43.2,43,49,2.35,scattered clouds
1044,Alofi,NU,-19.0595,-169.9187,78.69,69,13,8.05,few clouds
1045,Santiago,CL,-33.4569,-70.6483,63.86,60,75,4.61,broken clouds
1046,Virginia Beach,US,36.8529,-75.978,60.03,85,75,0.0,broken clouds
1047,Asau,RO,46.4333,26.4,45.52,84,0,2.1,clear sky
1048,Longyearbyen,SJ,78.2186,15.6401,15.64,67,20,12.66,few clouds
1049,Cockburn Town,TC,21.4612,-71.1419,80.56,74,40,4.61,scattered clouds
1050,Pangnirtung,CA,66.1451,-65.7125,17.24,74,89,7.74,overcast clouds
1051,Walvis Bay,NA,-22.9575,14.5053,56.08,93,0,3.44,clear sky
1052,Crixas,BR,-14.5489,-49.9692,69.51,97,100,2.75,overcast clouds
1053,Dwarka,IN,22.2394,68.9678,83.41,39,1,2.95,clear sky
1054,Sagua La Grande,CU,22.8067,-80.0756,67.19,65,89,5.08,overcast clouds
1055,Visnes,NO,59.3556,5.2242,51.57,87,75,13.8,broken clouds
1056,Meadow Lake,US,34.8014,-106.5436,56.14,41,27,2.93,scattered clouds
1057,Komsomolets,KZ,53.7453,62.0708,25.32,68,100,16.44,overcast clouds
1058,Muros,ES,42.7762,-9.0603,59.09,84,93,18.9,overcast clouds
1059,Chunhuhub,MX,19.55,-88.6833,67.62,99,14,2.48,few clouds
1060,Shunyi,CN,40.125,116.6453,49.95,87,90,4.47,mist
1061,Kirkuk,IQ,35.4681,44.3922,79.68,31,38,3.89,scattered clouds
1062,Broken Hill,AU,-31.95,141.4333,89.31,19,40,14.97,scattered clouds
1063,Tongchuan,CN,35.0806,109.0897,59.13,49,57,2.95,broken clouds
1064,Arrecife,ES,28.963,-13.5477,69.78,88,0,11.5,clear sky
1065,Bayji,IQ,34.9311,43.487,80.67,30,41,5.35,scattered clouds
1066,San Alberto,CO,7.7611,-73.3922,73.04,96,94,1.99,overcast clouds
1067,Pangody,RU,65.85,74.4859,1.76,95,68,7.18,broken clouds
1068,Bagn,NO,60.8225,9.5521,46.08,95,100,6.96,light rain
1069,Guadalupe,MX,25.6833,-100.25,71.22,84,1,9.22,clear sky
1070,Esna,EG,25.2934,32.554,71.62,23,0,12.44,clear sky
1071,Diego De Almagro,CL,-26.3667,-70.05,58.44,43,1,1.52,clear sky
1072,Harihar,IN,14.5167,75.8,81.84,65,99,14.61,overcast clouds
1073,Lungi,SL,9.2212,-12.6831,72.12,98,100,2.75,overcast clouds
1074,Sao Joao Da Barra,BR,-21.6403,-41.0511,70.57,95,100,8.97,overcast clouds
1075,Hereford,GB,52.0568,-2.7148,43.11,93,15,3.18,few clouds
1076,Ugoofaaru,MV,5.6667,73.0,79.86,81,92,8.21,overcast clouds
1077,Bukit Rambai,MY,2.2594,102.1838,85.95,74,40,8.01,scattered clouds
1078,Mandalgovi,MN,45.7625,106.2708,36.63,22,29,13.76,scattered clouds
1079,Tahe,CN,52.3333,124.7333,40.41,34,97,5.84,overcast clouds
1080,Mahibadhoo,MV,3.7833,72.9667,81.12,79,97,13.98,overcast clouds
1081,Sisimiut,GL,66.9395,-53.6735,32.76,95,100,12.93,snow
1082,Alugan,PH,12.2188,125.4808,80.73,87,100,9.93,heavy intensity rain
1083,Pringsewu,ID,-5.3582,104.9744,85.46,71,78,4.88,broken clouds
1084,Mogadishu,SO,2.0371,45.3438,84.07,84,40,14.97,scattered clouds
1085,Norman Wells,CA,65.282,-126.8329,10.44,85,20,2.3,few clouds
1086,Marshall,US,34.3834,-86.3333,51.37,82,1,1.01,clear sky
1087,Berlevag,NO,70.8578,29.0864,42.3,86,100,33.04,overcast clouds
1088,Goba,ET,7.0167,39.9833,49.59,95,98,1.66,light rain
1089,Cabedelo,BR,-6.9811,-34.8339,75.87,81,71,9.95,broken clouds
1090,Ulladulla,AU,-35.35,150.4667,75.78,62,4,14.76,clear sky
1091,Pirgos,GR,35.1167,25.7178,64.94,68,52,7.54,broken clouds
1092,Sorgun,TR,39.8101,35.186,54.82,70,100,2.82,overcast clouds
1093,Barrhead,GB,55.7992,-4.3929,45.01,93,40,1.01,scattered clouds
1094,Pagudpud,PH,18.5616,120.7868,93.16,61,13,17.6,few clouds
1095,Santa Fe,AR,-31.6333,-60.7,68.02,95,95,4.0,overcast clouds
1096,Artvin,TR,41.1667,41.8333,60.08,65,82,4.34,broken clouds
1097,Luderitz,NA,-26.6481,15.1594,59.85,59,0,15.79,clear sky
1098,Zhangjiakou,CN,40.81,114.8794,48.51,65,75,1.48,broken clouds
1099,Bandarbeyla,SO,9.4942,50.8122,80.98,63,19,12.66,few clouds
1100,Portland,US,45.5234,-122.6762,50.7,89,90,1.01,overcast clouds
1101,Gulabpura,IN,25.9,74.6667,81.75,28,0,5.55,clear sky
1102,Koulamoutou,GA,-1.1303,12.4736,70.41,99,100,0.76,overcast clouds
1103,Salalah,OM,17.0151,54.0924,80.69,57,0,3.44,clear sky
1104,Bengkulu,ID,-3.8004,102.2655,79.52,84,93,4.03,overcast clouds
1105,Tiksi,RU,71.6872,128.8694,-1.91,97,96,5.57,overcast clouds
1106,Syracuse,IT,37.0881,15.2792,67.59,71,90,20.69,overcast clouds
1107,Bay Roberts,CA,47.5999,-53.2648,53.51,96,79,5.99,broken clouds
1108,Niquero,CU,20.0431,-77.5828,75.83,89,43,12.93,scattered clouds
1109,Te Anau,NZ,-45.4167,167.7167,49.51,58,75,7.31,broken clouds
1110,San Joaquin,US,37.9333,-121.3011,62.38,87,90,3.44,overcast clouds
1111,Sioux Lookout,CA,50.1001,-91.917,26.98,86,90,11.5,light shower snow
1112,Jawhar,SO,2.7809,45.5005,87.08,50,17,12.24,few clouds
1113,Puerto Narino,CO,-3.7703,-70.3831,75.15,94,42,0.78,moderate rain
1114,Aldama,MX,22.9167,-98.0667,77.63,88,5,1.48,clear sky
1115,Agalatovo,RU,60.2195,30.2739,39.11,87,6,6.87,clear sky
1116,Itoman,JP,26.1247,127.6694,79.57,51,20,18.41,few clouds
1117,Chukhloma,RU,58.7525,42.6825,39.51,92,78,6.13,broken clouds
1118,Rio Brilhante,BR,-21.8019,-54.5464,67.48,84,21,4.59,few clouds
1119,Nuevo Casas Grandes,MX,30.4167,-107.9167,54.75,40,47,1.99,scattered clouds
1120,Yulara,AU,-25.2406,130.9889,71.44,83,75,5.75,broken clouds
1121,Raudeberg,NO,61.9875,5.1352,55.18,86,93,8.01,overcast clouds
1122,Hay River,CA,60.8156,-115.7999,30.18,69,9,6.91,clear sky
1123,Laguna,US,38.421,-121.4238,62.42,92,90,4.61,mist
1124,Udachnyy,RU,66.4167,112.4,5.92,95,100,10.25,light snow
1125,Mount Isa,AU,-20.7333,139.5,94.77,34,75,8.05,thunderstorm
1126,Ixtapa,MX,20.7,-105.2,73.08,93,10,2.77,clear sky
1127,Padang,ID,-0.9492,100.3543,86.05,76,84,4.9,broken clouds
1128,Hamadan,IR,34.7992,48.5146,49.08,57,0,2.3,clear sky
1129,Vardo,NO,70.3705,31.1107,41.2,88,100,29.15,overcast clouds
1130,Dongkan,CN,33.9997,119.8308,62.62,48,100,2.95,overcast clouds
1131,Krasnoselkup,RU,65.7,82.4667,-2.31,95,24,12.41,few clouds
1132,Mount Gambier,AU,-37.8333,140.7667,84.11,24,75,12.66,broken clouds
1133,Palana,RU,59.1167,159.9667,10.67,88,96,7.94,overcast clouds
1134,Komsomolskiy,UZ,40.4272,71.7189,57.92,35,0,0.0,clear sky
1135,Dhidhdhoo,MV,6.8833,73.1,80.47,79,98,4.32,overcast clouds
1136,Qandala,SO,11.472,49.8728,81.16,55,18,5.5,few clouds
1137,Ainring,DE,47.8167,12.95,47.48,97,75,9.22,light rain
1138,Formosa,AR,-26.1775,-58.1781,73.38,78,0,3.44,clear sky
1139,Kon Tum,VN,14.35,108.0,87.06,46,72,7.52,broken clouds
1140,Shu,KZ,43.5983,73.7614,54.32,41,13,4.09,few clouds
1141,Lundazi,ZM,-12.2929,33.1782,83.52,36,18,8.86,few clouds
1142,Krasni Okny,UA,47.5404,29.46,48.78,91,100,3.74,overcast clouds
1143,Treinta Y Tres,UY,-33.2333,-54.3833,64.58,95,93,3.87,overcast clouds
1144,Solano,US,38.2333,-121.9511,62.11,94,90,8.05,overcast clouds
1145,Tonstad,NO,58.6626,6.7169,49.35,95,100,6.06,moderate rain
1146,Cravo Norte,CO,6.3017,-70.2041,73.89,92,38,5.01,scattered clouds
1147,Malindi,KE,-3.2175,40.1191,84.36,70,40,5.75,scattered clouds
1148,Dali,CN,25.7,100.1833,67.96,38,1,6.73,clear sky
1149,Benghazi,LY,32.1167,20.0667,72.91,72,9,6.15,clear sky
1150,Merauke,ID,-8.4667,140.3333,84.9,74,99,15.68,light rain
1151,Seremban,MY,2.7297,101.9381,85.55,75,87,3.67,overcast clouds
1152,Taoudenni,ML,22.6783,-3.9836,76.93,21,97,9.37,overcast clouds
1153,Vryburg,ZA,-26.9566,24.7284,62.53,39,0,10.13,clear sky
1154,La Ronge,CA,55.1001,-105.2842,26.85,74,40,3.44,scattered clouds
1155,Xining,CN,36.6167,101.7667,41.58,50,99,2.68,overcast clouds
1156,Port Lincoln,AU,-34.7333,135.8667,69.03,73,100,13.44,overcast clouds
1157,Qaqortoq,GL,60.7167,-46.0333,30.7,73,100,7.29,overcast clouds
1158,Lompoc,US,34.6391,-120.4579,59.13,89,90,3.44,mist
1159,Huejuquilla El Alto,MX,22.6,-103.8667,59.14,67,61,0.78,broken clouds
1160,Ashcroft,CA,50.7165,-121.2859,43.14,70,100,3.13,overcast clouds
1161,Ossora,RU,59.2353,163.0719,5.94,81,13,4.83,few clouds
1162,Bulgan,MN,48.8125,103.5347,38.26,25,47,13.4,scattered clouds
1163,Suhbaatar,MN,50.2314,106.2078,42.37,45,34,13.27,scattered clouds
1164,Kavaratti,IN,10.5669,72.642,81.68,75,80,1.03,broken clouds
1165,Mauriti,BR,-7.3892,-38.7744,79.11,69,88,4.85,moderate rain
1166,Durham,US,36.0335,-78.8664,51.19,91,1,0.0,clear sky
1167,Rumonge,BI,-3.9736,29.4386,75.54,75,97,1.12,light rain
1168,Labuhan,ID,-6.8844,112.2051,91.35,54,79,5.1,broken clouds
1169,Gizo,SB,-8.103,156.8419,83.59,74,96,13.69,light rain
1170,Yabrud,SY,33.9674,36.6574,55.53,58,100,2.15,overcast clouds
1171,Abu Dhabi,AE,24.4667,54.3667,82.51,61,0,5.95,clear sky
1172,Prince George,CA,53.9166,-122.753,29.62,93,1,0.0,clear sky
1173,Vitoria,BR,-20.3194,-40.3378,71.46,100,90,4.61,overcast clouds
1174,Storforshei,NO,66.4043,14.5233,51.58,58,20,12.66,few clouds
1175,San Patricio,US,28.017,-97.5169,76.84,74,0,6.49,clear sky
1176,Anito,PH,12.4497,125.2886,80.29,89,82,9.33,very heavy rain
1177,Luoyang,CN,34.6836,112.4536,65.41,52,58,5.61,broken clouds
1178,Faya,SA,18.3851,42.4509,59.11,24,64,3.56,broken clouds
1179,Manzhouli,CN,49.6,117.4333,36.72,81,85,10.65,overcast clouds
1180,Ciudad Bolivar,VE,8.1222,-63.5497,76.1,83,24,8.86,few clouds
1181,Bredy,RU,52.4153,60.3411,32.63,81,99,16.69,overcast clouds
1182,Guaruja,BR,-23.9931,-46.2564,74.16,26,55,6.35,broken clouds
1183,Taunggyi,MM,20.7833,97.0333,73.31,69,30,2.98,scattered clouds
1184,Half Moon Bay,US,37.4636,-122.4286,61.79,94,90,1.01,mist
1185,Zeya,RU,53.75,127.2667,35.04,44,94,8.59,overcast clouds
1186,Ballina,AU,-28.8667,153.5667,67.96,81,90,10.36,overcast clouds
1187,Adrar,MR,20.5022,-10.0711,77.47,17,64,10.09,broken clouds
1188,Shieli,KZ,44.1667,66.75,54.39,43,6,5.53,clear sky
1189,Haigerloch,DE,48.3661,8.8036,42.93,86,41,5.08,scattered clouds
1190,Chapleau,CA,47.8405,-83.4034,27.3,83,17,4.99,few clouds
1191,Bonthe,SL,7.5264,-12.505,75.92,88,99,3.49,overcast clouds
1192,Ryotsu,JP,38.0833,138.4333,60.76,63,15,6.89,few clouds
1193,Floro,NO,61.5996,5.0328,54.3,76,75,23.02,broken clouds
1194,Halifax,CA,44.6453,-63.5724,46.4,77,0,4.61,clear sky
1195,Puerto Carreno,CO,6.189,-67.4859,74.71,92,96,3.76,overcast clouds
1196,Uige,AO,-7.6087,15.0613,66.74,98,100,1.97,light rain
1197,Satipo,PE,-11.2522,-74.6386,72.9,75,88,2.24,overcast clouds
1198,Sidi Ali,DZ,36.0998,0.4206,66.0,83,38,15.14,scattered clouds
1199,Morros,BR,-9.4467,-46.3003,71.6,92,100,3.15,overcast clouds
1200,Chapaevsk,RU,52.9813,49.7112,42.01,69,13,2.3,few clouds
1201,Chivilcoy,AR,-34.8957,-60.0167,58.05,10,99,5.99,overcast clouds
1202,Antsohihy,MG,-14.8796,47.9875,86.9,56,6,3.33,clear sky
1203,Khandbari,NP,27.3747,87.2039,71.02,58,5,5.23,clear sky
1204,College,US,64.8569,-147.8028,30.2,87,90,0.0,light snow
1205,Kattivakkam,IN,13.2167,80.3167,80.69,73,100,7.63,overcast clouds
1206,Saint-Paul,RE,-21.0096,55.2707,82.0,77,4,1.99,clear sky
1207,Surt,LY,31.2089,16.5887,73.36,44,0,11.59,clear sky
1208,Heilbron,ZA,-27.2812,27.9709,64.04,30,0,5.95,clear sky
1209,Shimoda,JP,34.6667,138.95,68.36,68,45,3.24,scattered clouds
1210,Mantes-La-Jolie,FR,49.0,1.6667,49.32,92,100,8.99,overcast clouds
1211,Ahipara,NZ,-35.1667,173.1667,58.12,78,33,17.54,scattered clouds
1212,Koshurnikovo,RU,54.1667,93.3,36.57,79,100,15.01,light rain
1213,Siparia,TT,10.1333,-61.5,78.08,89,43,5.73,scattered clouds
1214,Yeovil,GB,50.9416,-2.6321,44.29,97,40,2.3,scattered clouds
1215,Cehu Silvaniei,RO,47.4112,23.1823,36.7,80,8,8.23,clear sky
1216,San Cristobal,VE,7.7669,-72.225,62.78,96,92,2.71,overcast clouds
1217,Luan,CH,46.3592,6.9759,40.57,91,98,1.01,moderate rain
1218,Lubango,AO,-14.9172,13.4925,68.54,31,49,0.49,scattered clouds
1219,Zhangye,CN,38.9342,100.4517,52.32,24,6,4.88,clear sky
1220,Arman,RU,59.7,150.1667,17.02,51,75,2.21,broken clouds
1221,Aquiraz,BR,-3.9014,-38.3911,83.21,74,98,11.3,overcast clouds
1222,Erzin,TR,36.9559,36.2,63.12,75,100,5.03,overcast clouds
1223,Saint George,US,37.1041,-113.5841,65.53,46,1,1.99,clear sky
1224,Flinders,AU,-34.5833,150.8552,76.21,65,14,13.09,few clouds
1225,Fereydunshahr,IR,32.941,50.121,54.36,30,4,1.72,clear sky
1226,Pucara,PE,-15.9803,-71.4606,28.53,36,86,1.25,overcast clouds
1227,Roma,US,43.2128,-75.4557,44.83,83,75,0.0,broken clouds
1228,Vila Franca Do Campo,PT,37.7167,-25.4333,72.19,92,100,4.52,overcast clouds
1229,Finnsnes,NO,69.2296,17.9811,48.16,95,100,5.12,overcast clouds
1230,Isiro,CD,2.7739,27.616,68.0,94,100,2.37,overcast clouds
1231,Dvinskoy,RU,62.1535,45.1175,30.13,84,100,8.5,overcast clouds
1232,Arti,RU,56.4234,58.5328,21.88,61,30,13.04,scattered clouds
1233,Natal,BR,-5.795,-35.2094,79.02,83,20,8.05,few clouds
1234,Awbari,LY,26.5921,12.7805,69.24,30,0,5.35,clear sky
1235,Marawi,PH,7.9986,124.2928,74.64,84,97,4.92,overcast clouds
1236,Kashi,CN,39.4547,75.9797,52.81,22,0,4.47,clear sky
1237,Klyuchi,RU,52.2667,79.1667,27.7,66,100,15.68,overcast clouds
1238,Necochea,AR,-38.5473,-58.7368,50.04,93,100,6.31,overcast clouds
1239,Nishihara,JP,26.1842,127.7558,78.85,52,40,14.97,scattered clouds
1240,Nicoya,CR,10.1483,-85.452,72.95,92,99,1.01,overcast clouds
1241,Quatre Cocos,MU,-20.2078,57.7625,79.09,68,21,9.8,few clouds
1242,Narsaq,GL,60.9167,-46.05,30.42,75,100,3.6,overcast clouds
1243,Sobolevo,RU,54.4299,31.8996,36.07,93,0,8.28,clear sky
1244,Impfondo,CG,1.6381,18.0667,69.13,99,100,1.36,overcast clouds
1245,Kalmunai,LK,7.4167,81.8167,85.98,67,61,5.73,broken clouds
1246,Bac Lieu,VN,9.285,105.7244,86.59,65,99,19.93,overcast clouds
1247,Perpignan,FR,42.75,2.75,50.65,72,40,5.75,scattered clouds
1248,Bardiyah,LY,31.7561,25.0865,69.39,57,63,16.08,broken clouds
1249,Altamira,BR,-3.2033,-52.2064,72.32,97,97,2.19,overcast clouds
1250,Kirakira,SB,-10.4544,161.9205,82.92,77,27,7.87,scattered clouds
1251,Tamasane,BW,-22.4184,27.4013,78.13,24,0,1.23,clear sky
1252,Ajdabiya,LY,30.7554,20.2263,71.71,41,3,5.99,clear sky
1253,Koungou,YT,-12.7336,45.2042,85.71,62,20,10.36,few clouds
1254,Puerto Escondido,MX,15.85,-97.0667,78.33,82,16,5.53,few clouds
1255,Istok,XK,42.7808,20.4875,50.16,88,100,0.83,light rain
1256,Kandrian,PG,-6.2167,149.55,82.24,77,99,9.08,light rain
1257,Dong Hoi,VN,17.4833,106.6,81.16,75,40,6.98,scattered clouds
1258,Meulaboh,ID,4.1363,96.1285,85.08,68,93,6.55,overcast clouds
1259,Havre-Saint-Pierre,CA,50.2334,-63.5986,44.6,70,34,29.53,scattered clouds
1260,Plettenberg Bay,ZA,-34.0527,23.3716,60.6,56,55,10.76,light rain
1261,Hervey Bay,AU,-25.2986,152.8535,79.03,58,85,16.2,overcast clouds
1262,Cortez,US,37.3489,-108.5859,50.41,75,1,4.61,clear sky
1263,Nuuk,GL,64.1835,-51.7216,39.81,81,75,2.3,broken clouds
1264,Boende,CD,-0.2167,20.8667,70.65,95,100,1.77,overcast clouds
1265,Looc,PH,12.2605,121.9926,85.64,61,64,10.58,broken clouds
1266,Liuhe,CN,42.2401,125.7172,49.26,54,37,3.65,scattered clouds
1267,Mumbwa,ZM,-14.9783,27.0619,75.16,48,89,6.49,overcast clouds
1268,Rabat,MA,33.9911,-6.8401,67.05,95,75,0.0,broken clouds
1269,Igarka,RU,67.4667,86.5833,0.0,94,100,11.9,overcast clouds
1270,Severo-Kurilsk,RU,50.6789,156.125,36.48,64,89,13.44,overcast clouds
1271,Along,IN,28.1667,94.7667,80.4,38,14,1.36,few clouds
1272,La Primavera,CO,5.4906,-70.4092,73.31,91,28,5.12,scattered clouds
1273,Boyolangu,ID,-8.1181,111.8935,82.38,76,63,10.29,broken clouds
1274,Solikamsk,RU,59.6196,56.7729,21.24,60,5,4.5,clear sky
1275,Caravelas,BR,-17.7125,-39.2481,73.96,92,100,10.22,heavy intensity rain
1276,Vanavara,RU,60.34,102.2797,15.22,57,99,3.2,overcast clouds
1277,Bakel,SN,14.905,-12.4568,84.09,24,46,6.93,scattered clouds
1278,Villazon,BO,-22.0866,-65.5942,50.18,68,51,10.36,broken clouds
1279,Ovsyanka,RU,55.9575,92.5519,29.37,77,89,16.87,overcast clouds
1280,Dodoma,TZ,-6.1722,35.7395,76.44,57,50,8.61,scattered clouds
1281,Pierre,US,44.3683,-100.351,31.05,73,1,1.99,clear sky
1282,Moree,AU,-29.4667,149.85,82.42,28,75,8.05,broken clouds
1283,Arlit,NE,18.7369,7.3853,76.77,21,96,6.04,overcast clouds
1284,Taikang,CN,46.8333,124.4167,45.43,28,64,14.58,broken clouds
1285,Verkhnyaya Inta,RU,65.9811,60.3094,8.58,89,34,3.65,scattered clouds
1286,Itarema,BR,-2.9248,-39.9167,78.96,81,90,13.22,overcast clouds
1287,San Jose,US,37.3394,-121.895,61.86,88,75,1.99,broken clouds
1288,Nahrin,AF,36.0649,69.1334,56.34,33,0,3.02,clear sky
1289,Ketchikan,US,55.3422,-131.6461,52.27,43,90,5.75,overcast clouds
1290,Gat,IL,31.61,34.7642,72.39,73,85,1.3,overcast clouds
1291,Mbini,GQ,1.574,9.6134,75.56,86,100,4.36,overcast clouds
1292,Barahona,DO,18.2085,-71.1008,76.55,83,17,2.19,few clouds
1293,Porto Torres,IT,40.835,8.3972,60.98,70,41,13.6,scattered clouds
1294,Lata,PT,40.1629,-8.3327,58.05,80,100,2.46,overcast clouds
1295,Darhan,MN,49.4867,105.9228,40.91,54,27,11.65,scattered clouds
1296,Praia,CV,14.9215,-23.5087,79.34,69,0,11.5,clear sky
1297,Vallenar,CL,-28.5708,-70.7581,58.6,69,42,1.74,scattered clouds
1298,Simpang,ID,-1.2667,104.0833,85.28,74,97,1.14,overcast clouds
1299,Loandjili,CG,-4.7561,11.8578,77.11,94,40,2.3,scattered clouds
1300,Kharan,PK,28.5833,65.4167,69.3,17,0,3.2,clear sky
1301,Leningradskiy,RU,69.3833,178.4167,-3.42,83,96,6.64,overcast clouds
1302,Spitsevka,RU,45.1231,42.5125,48.61,88,100,13.29,overcast clouds
1303,Auki,SB,-8.7676,160.7034,81.52,84,79,5.06,broken clouds
1304,Banswara,IN,23.55,74.45,85.46,23,0,9.8,clear sky
1305,Cartagena,CO,10.3997,-75.5144,76.62,94,75,6.91,light intensity drizzle
1306,Abonnema,NG,4.7084,6.7931,73.63,93,100,1.83,overcast clouds
1307,Bagdarin,RU,54.4333,113.6,34.52,35,36,8.88,scattered clouds
1308,Homer,US,59.6425,-151.5483,39.09,87,90,3.44,light rain
1309,Puerto Rico,AR,-26.796,-55.024,66.09,89,0,2.71,clear sky
1310,Broome,US,42.2506,-75.833,43.0,69,90,4.61,overcast clouds
1311,Trinidad,BO,-14.8333,-64.9,79.25,67,64,7.49,broken clouds
1312,Saint-Louis,SN,16.3333,-15.0,81.37,18,76,9.82,broken clouds
1313,Saint Joseph,US,39.7686,-94.8466,38.86,96,90,3.44,overcast clouds
1314,Bar Harbor,US,44.3876,-68.2039,47.23,52,1,7.0,clear sky
1315,Ust-Kuyga,RU,70.0167,135.6,-15.16,99,90,6.49,overcast clouds
1316,Graaff-Reinet,ZA,-32.2522,24.5308,56.91,57,25,3.18,scattered clouds
1317,Zhigansk,RU,66.7697,123.3711,11.08,94,100,10.16,light snow
1318,Michigan City,US,41.7075,-86.895,44.58,69,90,10.36,overcast clouds
1319,Toppenish,US,46.3774,-120.3087,42.85,78,100,2.17,overcast clouds
1320,Isangel,VU,-19.55,169.2667,78.91,57,40,11.5,scattered clouds
1321,Loikaw,MM,19.6742,97.2094,78.71,73,36,2.86,scattered clouds
1322,Tongliao,CN,43.6125,122.2653,50.16,32,83,14.63,broken clouds
1323,Westport,US,41.1415,-73.3579,52.75,74,1,1.99,clear sky
1324,Karasburg,NA,-28.0167,18.75,50.65,48,0,4.36,clear sky
1325,Pyinmana,MM,19.7333,96.2167,85.77,68,59,4.59,broken clouds
1326,Wyndham,US,37.6985,-77.6125,50.99,91,75,1.01,broken clouds
1327,Jijiang,CN,29.2906,106.2542,65.5,90,100,1.25,overcast clouds
1328,Kaseda,JP,31.4167,130.3167,72.63,56,0,16.64,clear sky
1329,Ous,RU,60.9058,61.5186,10.89,78,5,3.24,clear sky
1330,Kuytun,RU,54.3419,101.5036,36.95,50,100,12.68,overcast clouds
1331,Narragansett,US,41.4501,-71.4495,48.81,67,1,0.0,clear sky
1332,Sladkovo,RU,55.5284,70.3385,15.19,67,4,11.63,clear sky
1333,Libertador General San Martin,AR,-23.8064,-64.7876,72.97,87,100,0.67,overcast clouds
1334,Naryan-Mar,RU,67.6713,53.087,13.05,76,72,16.55,broken clouds
1335,Camana,PE,-16.6228,-72.7111,65.91,80,36,7.14,scattered clouds
1336,Sharlyk,RU,52.9167,54.75,42.12,78,59,6.24,broken clouds
1337,Nome,US,64.5011,-165.4064,30.27,86,90,31.07,snow
1338,Inirida,CO,3.8653,-67.9239,72.66,98,81,2.77,broken clouds
1339,Inverell,AU,-29.7833,151.1167,70.16,45,93,3.0,overcast clouds
1340,Dongsheng,CN,39.8161,109.9776,49.1,28,0,17.27,clear sky
1341,Male,MV,4.1748,73.5089,84.15,84,75,14.97,broken clouds
1342,Buenaventura,CO,3.8801,-77.0312,73.45,96,99,1.86,overcast clouds
1343,Daokou,CN,35.5639,114.5058,66.09,56,74,13.27,broken clouds
1344,Mitu,CO,1.1983,-70.1733,71.8,97,74,2.73,broken clouds
1345,Barao De Melgaco,BR,-16.1944,-55.9675,79.32,92,100,4.14,overcast clouds
1346,Luruaco,CO,10.6092,-75.1431,80.44,88,70,4.18,broken clouds
1347,Shenjiamen,CN,29.9576,122.298,64.9,65,78,11.9,light rain
1348,Balabac,PH,7.9868,117.0645,83.43,79,100,18.3,light rain
1349,Leh,IN,34.1667,77.5833,26.47,56,93,1.86,overcast clouds
1350,Monte Alegre De Minas,BR,-18.8706,-48.8808,70.45,85,10,2.91,clear sky
1351,Lima,PE,-12.0432,-77.0282,61.14,84,40,8.05,scattered clouds
1352,Allahabad,IN,25.45,81.85,81.93,32,0,3.69,clear sky
1353,Labis,MY,2.385,103.021,85.51,69,99,4.85,light rain
1354,Moerai,PF,-22.4333,-151.3333,74.52,74,74,22.3,broken clouds
1355,Jackson,US,42.4165,-122.8345,53.8,94,90,0.0,overcast clouds
1356,Kidal,ML,18.4411,1.4078,77.63,19,40,9.71,scattered clouds
1357,Izmit,TR,40.7669,29.9169,62.89,94,75,0.0,fog
1358,Atambua,ID,-9.1061,124.8925,87.08,53,62,1.5,broken clouds
1359,Orje,NO,59.4802,11.6602,49.05,94,100,6.93,overcast clouds
1360,Rengo,CL,-34.4167,-70.8667,54.43,75,97,1.12,overcast clouds
1361,Micoud,LC,13.8167,-60.9,80.53,74,40,16.11,scattered clouds
1362,Dukat,RU,62.55,155.55,-9.51,84,28,3.29,scattered clouds
1363,Kantang,TH,7.4054,99.5156,87.89,74,20,1.14,few clouds
1364,Kununurra,AU,-15.7667,128.7333,102.18,29,89,8.05,overcast clouds
1365,Nador,MA,35.174,-2.9287,68.25,73,0,8.05,clear sky
1366,Erenhot,CN,43.6475,111.9767,47.23,25,1,22.64,clear sky
1367,Almaznyy,RU,48.0448,40.045,48.34,86,94,13.89,overcast clouds
1368,Roebourne,AU,-20.7833,117.1333,85.87,32,0,19.77,clear sky
1369,Spruce Grove,CA,53.5334,-113.9187,29.95,65,1,3.0,clear sky
1370,Pulaski,US,34.7668,-92.3001,50.31,81,90,8.99,overcast clouds
1371,Los Algarrobos,PA,8.5,-82.4333,79.45,92,100,1.03,overcast clouds
1372,Comodoro Rivadavia,AR,-45.8667,-67.5,60.66,51,0,4.61,clear sky
1373,Yar-Sale,RU,66.8333,70.8333,4.5,96,72,7.23,broken clouds
1374,Bilibino,RU,68.0546,166.4372,-10.84,99,100,1.95,overcast clouds
1375,Alyangula,AU,-13.8483,136.4192,89.47,66,40,11.5,scattered clouds
1376,Tual,ID,-5.6667,132.75,84.47,70,66,8.79,broken clouds
1377,Kentau,KZ,43.5206,68.5094,52.16,41,1,5.06,clear sky
1378,Wilkie,CA,52.4168,-108.7014,18.9,79,36,8.57,scattered clouds
1379,Maiduguri,NG,11.8464,13.1603,78.28,28,56,6.29,broken clouds
1380,Ambilobe,MG,-13.2,49.05,87.35,51,2,5.93,clear sky
1381,Port Blair,IN,11.6667,92.75,85.05,70,94,9.44,overcast clouds
1382,Ranong,TH,9.9658,98.6348,84.13,64,100,0.45,overcast clouds
1383,Yambio,SS,4.5721,28.3955,71.91,87,100,5.39,overcast clouds
1384,Lamu,KE,-2.2717,40.902,82.62,71,91,9.31,overcast clouds
1385,Wollongong,AU,-34.4333,150.8833,76.08,64,16,13.22,few clouds
1386,Kruisfontein,ZA,-34.0033,24.7314,61.88,61,56,18.52,broken clouds
1387,Saint-Joseph,RE,-21.3667,55.6167,80.47,71,19,2.91,few clouds
1388,Marzuq,YE,14.4,46.4667,72.63,23,86,5.77,overcast clouds
1389,Asahikawa,JP,43.7678,142.3703,49.21,76,75,3.44,light rain
1390,Kodino,RU,63.7198,39.6447,39.4,97,100,6.64,overcast clouds
1391,Hvide Sande,DK,56.0045,8.1294,46.99,83,58,16.11,light rain
1392,Porto Novo,BJ,6.4965,2.6036,78.62,87,81,7.72,broken clouds
1393,Denpasar,ID,-8.65,115.2167,87.46,74,75,9.22,broken clouds
1394,Pavlodar,KZ,52.3,76.95,21.0,86,90,15.66,overcast clouds
1395,Zirgan,RU,53.2222,55.9185,39.78,86,99,2.84,overcast clouds
1396,Yeppoon,AU,-23.1333,150.7333,76.78,59,62,16.49,broken clouds
1397,Soloneshnoye,RU,51.6544,84.3197,38.82,92,100,11.72,overcast clouds
1398,Hangu,CN,39.2489,117.7892,55.44,47,96,9.15,light rain
1399,Ciudad Guayana,VE,8.3533,-62.6528,77.52,90,25,3.4,scattered clouds
1400,Salani,IN,29.957,79.7127,66.99,45,0,4.03,clear sky
1401,Tandur,IN,17.2333,77.5833,84.11,54,92,8.95,overcast clouds
1402,Chenghai,CN,23.4632,116.768,80.51,54,0,4.47,clear sky
1403,Baruun-Urt,MN,46.6806,113.2792,44.38,47,49,10.67,scattered clouds
1404,Port-Cartier,CA,50.0334,-66.8654,43.02,68,97,17.9,overcast clouds
1405,Ulaanbaatar,MN,47.9077,106.8832,37.53,38,0,4.47,clear sky
1406,Kutum,SD,14.2,24.6667,74.5,28,94,19.51,overcast clouds
1407,Batagay-Alyta,RU,67.8006,130.4114,-9.99,87,57,3.47,broken clouds
1408,Phan Thiet,VN,10.9333,108.1,85.77,65,97,10.4,overcast clouds
1409,Iquique,CL,-20.2208,-70.1431,60.84,83,17,2.46,few clouds
1410,Gazojak,TM,41.1875,61.4036,56.91,34,57,9.75,broken clouds
1411,Harper,LR,4.375,-7.7169,76.73,88,29,4.36,light rain
1412,Bambari,CF,5.768,20.6757,70.99,93,99,3.06,overcast clouds
1413,Sain Alto,MX,23.5833,-103.25,57.49,59,38,4.03,scattered clouds
1414,Saint-Pierre,RE,-21.3393,55.4781,81.57,66,0,5.75,clear sky
1415,Namatanai,PG,-3.6667,152.4333,84.09,72,84,3.67,broken clouds
1416,San Rafael Del Sur,NI,11.8485,-86.4384,75.42,86,97,4.65,overcast clouds
1417,Sola,VU,-13.8833,167.55,80.64,75,81,24.29,broken clouds
1418,Pictou,CA,45.6834,-62.7153,49.44,49,0,18.41,clear sky
1419,Berezniki,RU,59.4152,56.8124,19.83,57,3,4.74,clear sky
